2025-03-23T23:03:01.987+03:00  INFO 40692 --- [payment-billing-service] [main] c.a.p.repository.InvoiceRepositoryTest   : Starting InvoiceRepositoryTest using Java 17.0.11 with PID 40692 (started by jdfil in D:\AstonDz\TaxiMicroservicesSpringProject\payment-billing-service)
2025-03-23T23:03:01.989+03:00  INFO 40692 --- [payment-billing-service] [main] c.a.p.repository.InvoiceRepositoryTest   : The following 1 profile is active: "test"
2025-03-23T23:03:02.474+03:00  INFO 40692 --- [payment-billing-service] [main] .s.d.r.c.RepositoryConfigurationDelegate : Bootstrapping Spring Data JPA repositories in DEFAULT mode.
2025-03-23T23:03:02.577+03:00  INFO 40692 --- [payment-billing-service] [main] .s.d.r.c.RepositoryConfigurationDelegate : Finished Spring Data repository scanning in 88 ms. Found 2 JPA repository interfaces.
2025-03-23T23:03:02.664+03:00  INFO 40692 --- [payment-billing-service] [main] beddedDataSourceBeanFactoryPostProcessor : Replacing 'dataSource' DataSource bean with embedded version
2025-03-23T23:03:02.906+03:00  INFO 40692 --- [payment-billing-service] [main] o.s.j.d.e.EmbeddedDatabaseFactory        : Starting embedded database: url='jdbc:h2:mem:b9c71d64-7cd0-4a48-a6cf-bef74be46441;DB_CLOSE_DELAY=-1;DB_CLOSE_ON_EXIT=false', username='sa'
2025-03-23T23:03:03.148+03:00 DEBUG 40692 --- [payment-billing-service] [main] liquibase.servicelocator                 : Loaded liquibase.configuration.AutoloadedConfigurations instance liquibase.GlobalConfiguration
2025-03-23T23:03:03.151+03:00 DEBUG 40692 --- [payment-billing-service] [main] liquibase.servicelocator                 : Loaded liquibase.configuration.AutoloadedConfigurations instance liquibase.integration.commandline.LiquibaseCommandLineConfiguration
2025-03-23T23:03:03.152+03:00 DEBUG 40692 --- [payment-billing-service] [main] liquibase.servicelocator                 : Loaded liquibase.configuration.AutoloadedConfigurations instance liquibase.logging.core.DefaultLoggerConfiguration
2025-03-23T23:03:03.153+03:00 DEBUG 40692 --- [payment-billing-service] [main] liquibase.servicelocator                 : Loaded liquibase.configuration.AutoloadedConfigurations instance liquibase.sql.SqlConfiguration
2025-03-23T23:03:03.155+03:00 DEBUG 40692 --- [payment-billing-service] [main] liquibase.servicelocator                 : Loaded liquibase.configuration.AutoloadedConfigurations instance liquibase.parser.ChangeLogParserConfiguration
2025-03-23T23:03:03.155+03:00 DEBUG 40692 --- [payment-billing-service] [main] liquibase.configuration                  : Found ConfigurationDefinitions in liquibase.GlobalConfiguration
2025-03-23T23:03:03.155+03:00 DEBUG 40692 --- [payment-billing-service] [main] liquibase.configuration                  : Found ConfigurationDefinitions in liquibase.integration.commandline.LiquibaseCommandLineConfiguration
2025-03-23T23:03:03.156+03:00 DEBUG 40692 --- [payment-billing-service] [main] liquibase.configuration                  : Found ConfigurationDefinitions in liquibase.logging.core.DefaultLoggerConfiguration
2025-03-23T23:03:03.156+03:00 DEBUG 40692 --- [payment-billing-service] [main] liquibase.configuration                  : Found ConfigurationDefinitions in liquibase.sql.SqlConfiguration
2025-03-23T23:03:03.156+03:00 DEBUG 40692 --- [payment-billing-service] [main] liquibase.configuration                  : Found ConfigurationDefinitions in liquibase.parser.ChangeLogParserConfiguration
2025-03-23T23:03:03.158+03:00 DEBUG 40692 --- [payment-billing-service] [main] liquibase.servicelocator                 : Loaded liquibase.configuration.ConfigurationValueProvider instance liquibase.configuration.core.DeprecatedConfigurationValueProvider
2025-03-23T23:03:03.159+03:00 DEBUG 40692 --- [payment-billing-service] [main] liquibase.servicelocator                 : Loaded liquibase.configuration.ConfigurationValueProvider instance liquibase.configuration.core.SystemPropertyValueProvider
2025-03-23T23:03:03.159+03:00 DEBUG 40692 --- [payment-billing-service] [main] liquibase.servicelocator                 : Loaded liquibase.configuration.ConfigurationValueProvider instance liquibase.configuration.core.ScopeValueProvider
2025-03-23T23:03:03.160+03:00 DEBUG 40692 --- [payment-billing-service] [main] liquibase.servicelocator                 : Loaded liquibase.configuration.ConfigurationValueProvider instance liquibase.configuration.core.EnvironmentValueProvider
2025-03-23T23:03:03.163+03:00 DEBUG 40692 --- [payment-billing-service] [main] liquibase.servicelocator                 : Loaded liquibase.logging.LogService instance liquibase.logging.core.BufferedLogService
2025-03-23T23:03:03.164+03:00 DEBUG 40692 --- [payment-billing-service] [main] liquibase.servicelocator                 : Loaded liquibase.logging.LogService instance liquibase.logging.core.CompositeLogService
2025-03-23T23:03:03.164+03:00 DEBUG 40692 --- [payment-billing-service] [main] liquibase.servicelocator                 : Loaded liquibase.logging.LogService instance liquibase.logging.core.JavaLogService
2025-03-23T23:03:03.166+03:00 DEBUG 40692 --- [payment-billing-service] [main] liquibase.servicelocator                 : Loaded liquibase.servicelocator.ServiceLocator instance liquibase.servicelocator.StandardServiceLocator
2025-03-23T23:03:03.188+03:00 DEBUG 40692 --- [payment-billing-service] [main] liquibase.configuration                  : No configuration value for liquibase.shouldRun aka should.run found
2025-03-23T23:03:03.188+03:00 DEBUG 40692 --- [payment-billing-service] [main] liquibase.configuration                  : Configuration liquibase.shouldRun is using the default value of true
2025-03-23T23:03:03.197+03:00 DEBUG 40692 --- [payment-billing-service] [main] liquibase.servicelocator                 : Loaded liquibase.database.jvm.ConnectionPatterns instance liquibase.database.jvm.JdbcConnectionPatterns
2025-03-23T23:03:03.206+03:00 DEBUG 40692 --- [payment-billing-service] [main] liquibase.servicelocator                 : Loaded liquibase.database.Database instance liquibase.database.core.CockroachDatabase
2025-03-23T23:03:03.207+03:00 DEBUG 40692 --- [payment-billing-service] [main] liquibase.servicelocator                 : Loaded liquibase.database.Database instance liquibase.database.core.DB2Database
2025-03-23T23:03:03.207+03:00 DEBUG 40692 --- [payment-billing-service] [main] liquibase.servicelocator                 : Loaded liquibase.database.Database instance liquibase.database.core.Db2zDatabase
2025-03-23T23:03:03.212+03:00 DEBUG 40692 --- [payment-billing-service] [main] liquibase.servicelocator                 : Loaded liquibase.database.Database instance liquibase.database.core.DerbyDatabase
2025-03-23T23:03:03.213+03:00 DEBUG 40692 --- [payment-billing-service] [main] liquibase.servicelocator                 : Loaded liquibase.database.Database instance liquibase.database.core.EnterpriseDBDatabase
2025-03-23T23:03:03.214+03:00 DEBUG 40692 --- [payment-billing-service] [main] liquibase.servicelocator                 : Loaded liquibase.database.Database instance liquibase.database.core.FirebirdDatabase
2025-03-23T23:03:03.215+03:00 DEBUG 40692 --- [payment-billing-service] [main] liquibase.servicelocator                 : Loaded liquibase.database.Database instance liquibase.database.core.H2Database
2025-03-23T23:03:03.218+03:00 DEBUG 40692 --- [payment-billing-service] [main] liquibase.servicelocator                 : Loaded liquibase.database.Database instance liquibase.database.core.HsqlDatabase
2025-03-23T23:03:03.219+03:00 DEBUG 40692 --- [payment-billing-service] [main] liquibase.servicelocator                 : Loaded liquibase.database.Database instance liquibase.database.core.InformixDatabase
2025-03-23T23:03:03.220+03:00 DEBUG 40692 --- [payment-billing-service] [main] liquibase.servicelocator                 : Loaded liquibase.database.Database instance liquibase.database.core.Ingres9Database
2025-03-23T23:03:03.222+03:00 DEBUG 40692 --- [payment-billing-service] [main] liquibase.servicelocator                 : Loaded liquibase.database.Database instance liquibase.database.core.MSSQLDatabase
2025-03-23T23:03:03.224+03:00 DEBUG 40692 --- [payment-billing-service] [main] liquibase.servicelocator                 : Loaded liquibase.database.Database instance liquibase.database.core.MariaDBDatabase
2025-03-23T23:03:03.237+03:00 DEBUG 40692 --- [payment-billing-service] [main] liquibase.servicelocator                 : Loaded liquibase.database.Database instance liquibase.database.core.MockDatabase
2025-03-23T23:03:03.237+03:00 DEBUG 40692 --- [payment-billing-service] [main] liquibase.servicelocator                 : Loaded liquibase.database.Database instance liquibase.database.core.MySQLDatabase
2025-03-23T23:03:03.239+03:00 DEBUG 40692 --- [payment-billing-service] [main] liquibase.servicelocator                 : Loaded liquibase.database.Database instance liquibase.database.core.OracleDatabase
2025-03-23T23:03:03.239+03:00 DEBUG 40692 --- [payment-billing-service] [main] liquibase.servicelocator                 : Loaded liquibase.database.Database instance liquibase.database.core.PostgresDatabase
2025-03-23T23:03:03.241+03:00 DEBUG 40692 --- [payment-billing-service] [main] liquibase.servicelocator                 : Loaded liquibase.database.Database instance liquibase.database.core.SQLiteDatabase
2025-03-23T23:03:03.242+03:00 DEBUG 40692 --- [payment-billing-service] [main] liquibase.servicelocator                 : Loaded liquibase.database.Database instance liquibase.database.core.SybaseASADatabase
2025-03-23T23:03:03.243+03:00 DEBUG 40692 --- [payment-billing-service] [main] liquibase.servicelocator                 : Loaded liquibase.database.Database instance liquibase.database.core.SybaseDatabase
2025-03-23T23:03:03.244+03:00 DEBUG 40692 --- [payment-billing-service] [main] liquibase.servicelocator                 : Loaded liquibase.database.Database instance liquibase.database.core.UnsupportedDatabase
2025-03-23T23:03:03.245+03:00 DEBUG 40692 --- [payment-billing-service] [main] liquibase.servicelocator                 : Loaded liquibase.database.Database instance liquibase.database.core.SnowflakeDatabase
2025-03-23T23:03:03.269+03:00 DEBUG 40692 --- [payment-billing-service] [main] liquibase.database                       : Connected to SA@jdbc:h2:mem:b9c71d64-7cd0-4a48-a6cf-bef74be46441
2025-03-23T23:03:03.269+03:00 DEBUG 40692 --- [payment-billing-service] [main] liquibase.database                       : Setting auto commit to false from true
2025-03-23T23:03:03.276+03:00  INFO 40692 --- [payment-billing-service] [main] liquibase.database                       : Set default schema name to PUBLIC
2025-03-23T23:03:03.278+03:00 DEBUG 40692 --- [payment-billing-service] [main] liquibase.configuration                  : No configuration value for liquibase.liquibaseSchemaName aka liquibase.schemaName found
2025-03-23T23:03:03.280+03:00 DEBUG 40692 --- [payment-billing-service] [main] liquibase.configuration                  : No configuration value for liquibase.supportPropertyEscaping aka enableEscaping found
2025-03-23T23:03:03.280+03:00 DEBUG 40692 --- [payment-billing-service] [main] liquibase.configuration                  : Configuration liquibase.supportPropertyEscaping is using the default value of false
2025-03-23T23:03:03.295+03:00 DEBUG 40692 --- [payment-billing-service] [main] liquibase.servicelocator                 : Loaded liquibase.command.CommandStep instance liquibase.command.core.CalculateChecksumCommandStep
2025-03-23T23:03:03.296+03:00 DEBUG 40692 --- [payment-billing-service] [main] liquibase.servicelocator                 : Loaded liquibase.command.CommandStep instance liquibase.command.core.ChangelogSyncCommandStep
2025-03-23T23:03:03.297+03:00 DEBUG 40692 --- [payment-billing-service] [main] liquibase.servicelocator                 : Loaded liquibase.command.CommandStep instance liquibase.command.core.ChangelogSyncSqlCommandStep
2025-03-23T23:03:03.298+03:00 DEBUG 40692 --- [payment-billing-service] [main] liquibase.servicelocator                 : Loaded liquibase.command.CommandStep instance liquibase.command.core.ChangelogSyncToTagCommandStep
2025-03-23T23:03:03.299+03:00 DEBUG 40692 --- [payment-billing-service] [main] liquibase.servicelocator                 : Loaded liquibase.command.CommandStep instance liquibase.command.core.ChangelogSyncToTagSqlCommandStep
2025-03-23T23:03:03.299+03:00 DEBUG 40692 --- [payment-billing-service] [main] liquibase.servicelocator                 : Loaded liquibase.command.CommandStep instance liquibase.command.core.ClearChecksumsCommandStep
2025-03-23T23:03:03.300+03:00 DEBUG 40692 --- [payment-billing-service] [main] liquibase.servicelocator                 : Loaded liquibase.command.CommandStep instance liquibase.command.core.DbDocCommandStep
2025-03-23T23:03:03.306+03:00 DEBUG 40692 --- [payment-billing-service] [main] liquibase.servicelocator                 : Loaded liquibase.change.Change instance liquibase.change.core.AddAutoIncrementChange
2025-03-23T23:03:03.307+03:00 DEBUG 40692 --- [payment-billing-service] [main] liquibase.servicelocator                 : Loaded liquibase.change.Change instance liquibase.change.core.AddColumnChange
2025-03-23T23:03:03.308+03:00 DEBUG 40692 --- [payment-billing-service] [main] liquibase.servicelocator                 : Loaded liquibase.change.Change instance liquibase.change.core.AddDefaultValueChange
2025-03-23T23:03:03.309+03:00 DEBUG 40692 --- [payment-billing-service] [main] liquibase.servicelocator                 : Loaded liquibase.change.Change instance liquibase.change.core.AddForeignKeyConstraintChange
2025-03-23T23:03:03.310+03:00 DEBUG 40692 --- [payment-billing-service] [main] liquibase.servicelocator                 : Loaded liquibase.change.Change instance liquibase.change.core.AddLookupTableChange
2025-03-23T23:03:03.311+03:00 DEBUG 40692 --- [payment-billing-service] [main] liquibase.servicelocator                 : Loaded liquibase.change.Change instance liquibase.change.core.AddNotNullConstraintChange
2025-03-23T23:03:03.313+03:00 DEBUG 40692 --- [payment-billing-service] [main] liquibase.servicelocator                 : Loaded liquibase.change.Change instance liquibase.change.core.AddPrimaryKeyChange
2025-03-23T23:03:03.313+03:00 DEBUG 40692 --- [payment-billing-service] [main] liquibase.servicelocator                 : Loaded liquibase.change.Change instance liquibase.change.core.AddUniqueConstraintChange
2025-03-23T23:03:03.314+03:00 DEBUG 40692 --- [payment-billing-service] [main] liquibase.servicelocator                 : Loaded liquibase.change.Change instance liquibase.change.core.AlterSequenceChange
2025-03-23T23:03:03.314+03:00 DEBUG 40692 --- [payment-billing-service] [main] liquibase.servicelocator                 : Loaded liquibase.change.Change instance liquibase.change.core.CreateIndexChange
2025-03-23T23:03:03.316+03:00 DEBUG 40692 --- [payment-billing-service] [main] liquibase.servicelocator                 : Loaded liquibase.change.Change instance liquibase.change.core.CreateProcedureChange
2025-03-23T23:03:03.317+03:00 DEBUG 40692 --- [payment-billing-service] [main] liquibase.servicelocator                 : Loaded liquibase.change.Change instance liquibase.change.core.CreateSequenceChange
2025-03-23T23:03:03.318+03:00 DEBUG 40692 --- [payment-billing-service] [main] liquibase.servicelocator                 : Loaded liquibase.change.Change instance liquibase.change.core.CreateTableChange
2025-03-23T23:03:03.319+03:00 DEBUG 40692 --- [payment-billing-service] [main] liquibase.servicelocator                 : Loaded liquibase.change.Change instance liquibase.change.core.CreateViewChange
2025-03-23T23:03:03.319+03:00 DEBUG 40692 --- [payment-billing-service] [main] liquibase.servicelocator                 : Loaded liquibase.change.Change instance liquibase.change.core.DeleteDataChange
2025-03-23T23:03:03.320+03:00 DEBUG 40692 --- [payment-billing-service] [main] liquibase.servicelocator                 : Loaded liquibase.change.Change instance liquibase.change.core.DropAllForeignKeyConstraintsChange
2025-03-23T23:03:03.321+03:00 DEBUG 40692 --- [payment-billing-service] [main] liquibase.servicelocator                 : Loaded liquibase.change.Change instance liquibase.change.core.DropColumnChange
2025-03-23T23:03:03.321+03:00 DEBUG 40692 --- [payment-billing-service] [main] liquibase.servicelocator                 : Loaded liquibase.change.Change instance liquibase.change.core.DropDefaultValueChange
2025-03-23T23:03:03.322+03:00 DEBUG 40692 --- [payment-billing-service] [main] liquibase.servicelocator                 : Loaded liquibase.change.Change instance liquibase.change.core.DropForeignKeyConstraintChange
2025-03-23T23:03:03.322+03:00 DEBUG 40692 --- [payment-billing-service] [main] liquibase.servicelocator                 : Loaded liquibase.change.Change instance liquibase.change.core.DropIndexChange
2025-03-23T23:03:03.323+03:00 DEBUG 40692 --- [payment-billing-service] [main] liquibase.servicelocator                 : Loaded liquibase.change.Change instance liquibase.change.core.DropNotNullConstraintChange
2025-03-23T23:03:03.323+03:00 DEBUG 40692 --- [payment-billing-service] [main] liquibase.servicelocator                 : Loaded liquibase.change.Change instance liquibase.change.core.DropPrimaryKeyChange
2025-03-23T23:03:03.324+03:00 DEBUG 40692 --- [payment-billing-service] [main] liquibase.servicelocator                 : Loaded liquibase.change.Change instance liquibase.change.core.DropProcedureChange
2025-03-23T23:03:03.324+03:00 DEBUG 40692 --- [payment-billing-service] [main] liquibase.servicelocator                 : Loaded liquibase.change.Change instance liquibase.change.core.DropSequenceChange
2025-03-23T23:03:03.325+03:00 DEBUG 40692 --- [payment-billing-service] [main] liquibase.servicelocator                 : Loaded liquibase.change.Change instance liquibase.change.core.DropTableChange
2025-03-23T23:03:03.325+03:00 DEBUG 40692 --- [payment-billing-service] [main] liquibase.servicelocator                 : Loaded liquibase.change.Change instance liquibase.change.core.DropUniqueConstraintChange
2025-03-23T23:03:03.326+03:00 DEBUG 40692 --- [payment-billing-service] [main] liquibase.servicelocator                 : Loaded liquibase.change.Change instance liquibase.change.core.DropViewChange
2025-03-23T23:03:03.326+03:00 DEBUG 40692 --- [payment-billing-service] [main] liquibase.servicelocator                 : Loaded liquibase.change.Change instance liquibase.change.core.EmptyChange
2025-03-23T23:03:03.327+03:00 DEBUG 40692 --- [payment-billing-service] [main] liquibase.servicelocator                 : Loaded liquibase.change.Change instance liquibase.change.core.ExecuteShellCommandChange
2025-03-23T23:03:03.328+03:00 DEBUG 40692 --- [payment-billing-service] [main] liquibase.servicelocator                 : Loaded liquibase.change.Change instance liquibase.change.core.InsertDataChange
2025-03-23T23:03:03.333+03:00 DEBUG 40692 --- [payment-billing-service] [main] liquibase.servicelocator                 : Loaded liquibase.change.Change instance liquibase.change.core.LoadDataChange
2025-03-23T23:03:03.334+03:00 DEBUG 40692 --- [payment-billing-service] [main] liquibase.servicelocator                 : Loaded liquibase.change.Change instance liquibase.change.core.LoadUpdateDataChange
2025-03-23T23:03:03.335+03:00 DEBUG 40692 --- [payment-billing-service] [main] liquibase.servicelocator                 : Loaded liquibase.change.Change instance liquibase.change.core.MergeColumnChange
2025-03-23T23:03:03.336+03:00 DEBUG 40692 --- [payment-billing-service] [main] liquibase.servicelocator                 : Loaded liquibase.change.Change instance liquibase.change.core.ModifyDataTypeChange
2025-03-23T23:03:03.336+03:00 DEBUG 40692 --- [payment-billing-service] [main] liquibase.servicelocator                 : Loaded liquibase.change.Change instance liquibase.change.core.OutputChange
2025-03-23T23:03:03.337+03:00 DEBUG 40692 --- [payment-billing-service] [main] liquibase.servicelocator                 : Loaded liquibase.change.Change instance liquibase.change.core.RawSQLChange
2025-03-23T23:03:03.338+03:00 DEBUG 40692 --- [payment-billing-service] [main] liquibase.servicelocator                 : Loaded liquibase.change.Change instance liquibase.change.core.RenameColumnChange
2025-03-23T23:03:03.338+03:00 DEBUG 40692 --- [payment-billing-service] [main] liquibase.servicelocator                 : Loaded liquibase.change.Change instance liquibase.change.core.RenameSequenceChange
2025-03-23T23:03:03.339+03:00 DEBUG 40692 --- [payment-billing-service] [main] liquibase.servicelocator                 : Loaded liquibase.change.Change instance liquibase.change.core.RenameTableChange
2025-03-23T23:03:03.339+03:00 DEBUG 40692 --- [payment-billing-service] [main] liquibase.servicelocator                 : Loaded liquibase.change.Change instance liquibase.change.core.RenameViewChange
2025-03-23T23:03:03.340+03:00 DEBUG 40692 --- [payment-billing-service] [main] liquibase.servicelocator                 : Loaded liquibase.change.Change instance liquibase.change.core.SQLFileChange
2025-03-23T23:03:03.340+03:00 DEBUG 40692 --- [payment-billing-service] [main] liquibase.servicelocator                 : Loaded liquibase.change.Change instance liquibase.change.core.SetColumnRemarksChange
2025-03-23T23:03:03.341+03:00 DEBUG 40692 --- [payment-billing-service] [main] liquibase.servicelocator                 : Loaded liquibase.change.Change instance liquibase.change.core.SetTableRemarksChange
2025-03-23T23:03:03.341+03:00 DEBUG 40692 --- [payment-billing-service] [main] liquibase.servicelocator                 : Loaded liquibase.change.Change instance liquibase.change.core.StopChange
2025-03-23T23:03:03.342+03:00 DEBUG 40692 --- [payment-billing-service] [main] liquibase.servicelocator                 : Loaded liquibase.change.Change instance liquibase.change.core.TagDatabaseChange
2025-03-23T23:03:03.342+03:00 DEBUG 40692 --- [payment-billing-service] [main] liquibase.servicelocator                 : Loaded liquibase.change.Change instance liquibase.change.core.UpdateDataChange
2025-03-23T23:03:03.343+03:00 DEBUG 40692 --- [payment-billing-service] [main] liquibase.servicelocator                 : Loaded liquibase.change.Change instance liquibase.change.custom.CustomChangeWrapper
2025-03-23T23:03:03.454+03:00 DEBUG 40692 --- [payment-billing-service] [main] liquibase.servicelocator                 : Loaded liquibase.command.CommandStep instance liquibase.command.core.DiffChangelogCommandStep
2025-03-23T23:03:03.465+03:00 DEBUG 40692 --- [payment-billing-service] [main] liquibase.servicelocator                 : Loaded liquibase.command.CommandStep instance liquibase.command.core.DiffCommandStep
2025-03-23T23:03:03.468+03:00 DEBUG 40692 --- [payment-billing-service] [main] liquibase.servicelocator                 : Loaded liquibase.command.CommandStep instance liquibase.command.core.DropAllCommandStep
2025-03-23T23:03:03.469+03:00 DEBUG 40692 --- [payment-billing-service] [main] liquibase.servicelocator                 : Loaded liquibase.command.CommandStep instance liquibase.command.core.ExecuteSqlCommandStep
2025-03-23T23:03:03.472+03:00 DEBUG 40692 --- [payment-billing-service] [main] liquibase.servicelocator                 : Loaded liquibase.command.CommandStep instance liquibase.command.core.FutureRollbackCountSqlCommandStep
2025-03-23T23:03:03.473+03:00 DEBUG 40692 --- [payment-billing-service] [main] liquibase.servicelocator                 : Loaded liquibase.command.CommandStep instance liquibase.command.core.FutureRollbackFromTagSqlCommandStep
2025-03-23T23:03:03.474+03:00 DEBUG 40692 --- [payment-billing-service] [main] liquibase.servicelocator                 : Loaded liquibase.command.CommandStep instance liquibase.command.core.FutureRollbackSqlCommandStep
2025-03-23T23:03:03.476+03:00 DEBUG 40692 --- [payment-billing-service] [main] liquibase.servicelocator                 : Loaded liquibase.command.CommandStep instance liquibase.command.core.GenerateChangelogCommandStep
2025-03-23T23:03:03.479+03:00 DEBUG 40692 --- [payment-billing-service] [main] liquibase.servicelocator                 : Loaded liquibase.command.CommandStep instance liquibase.command.core.HistoryCommandStep
2025-03-23T23:03:03.480+03:00 DEBUG 40692 --- [payment-billing-service] [main] liquibase.servicelocator                 : Loaded liquibase.command.CommandStep instance liquibase.command.core.InternalSnapshotCommandStep
2025-03-23T23:03:03.480+03:00 DEBUG 40692 --- [payment-billing-service] [main] liquibase.servicelocator                 : Loaded liquibase.command.CommandStep instance liquibase.command.core.ListLocksCommandStep
2025-03-23T23:03:03.481+03:00 DEBUG 40692 --- [payment-billing-service] [main] liquibase.servicelocator                 : Loaded liquibase.command.CommandStep instance liquibase.command.core.MarkNextChangesetRanCommandStep
2025-03-23T23:03:03.481+03:00 DEBUG 40692 --- [payment-billing-service] [main] liquibase.servicelocator                 : Loaded liquibase.command.CommandStep instance liquibase.command.core.MarkNextChangesetRanSqlCommandStep
2025-03-23T23:03:03.482+03:00 DEBUG 40692 --- [payment-billing-service] [main] liquibase.servicelocator                 : Loaded liquibase.command.CommandStep instance liquibase.command.core.ReleaseLocksCommandStep
2025-03-23T23:03:03.484+03:00 DEBUG 40692 --- [payment-billing-service] [main] liquibase.servicelocator                 : Loaded liquibase.command.CommandStep instance liquibase.command.core.RollbackCommandStep
2025-03-23T23:03:03.485+03:00 DEBUG 40692 --- [payment-billing-service] [main] liquibase.servicelocator                 : Loaded liquibase.command.CommandStep instance liquibase.command.core.RollbackCountCommandStep
2025-03-23T23:03:03.486+03:00 DEBUG 40692 --- [payment-billing-service] [main] liquibase.servicelocator                 : Loaded liquibase.command.CommandStep instance liquibase.command.core.RollbackCountSqlCommandStep
2025-03-23T23:03:03.487+03:00 DEBUG 40692 --- [payment-billing-service] [main] liquibase.servicelocator                 : Loaded liquibase.command.CommandStep instance liquibase.command.core.RollbackSqlCommandStep
2025-03-23T23:03:03.488+03:00 DEBUG 40692 --- [payment-billing-service] [main] liquibase.servicelocator                 : Loaded liquibase.command.CommandStep instance liquibase.command.core.RollbackToDateCommandStep
2025-03-23T23:03:03.489+03:00 DEBUG 40692 --- [payment-billing-service] [main] liquibase.servicelocator                 : Loaded liquibase.command.CommandStep instance liquibase.command.core.RollbackToDateSqlCommandStep
2025-03-23T23:03:03.490+03:00 DEBUG 40692 --- [payment-billing-service] [main] liquibase.servicelocator                 : Loaded liquibase.command.CommandStep instance liquibase.command.core.SnapshotCommandStep
2025-03-23T23:03:03.491+03:00 DEBUG 40692 --- [payment-billing-service] [main] liquibase.servicelocator                 : Loaded liquibase.command.CommandStep instance liquibase.command.core.SnapshotReferenceCommandStep
2025-03-23T23:03:03.491+03:00 DEBUG 40692 --- [payment-billing-service] [main] liquibase.servicelocator                 : Loaded liquibase.command.CommandStep instance liquibase.command.core.StartH2CommandStep
2025-03-23T23:03:03.492+03:00 DEBUG 40692 --- [payment-billing-service] [main] liquibase.servicelocator                 : Loaded liquibase.command.CommandStep instance liquibase.command.core.StatusCommandStep
2025-03-23T23:03:03.493+03:00 DEBUG 40692 --- [payment-billing-service] [main] liquibase.servicelocator                 : Loaded liquibase.command.CommandStep instance liquibase.command.core.StopH2CommandStep
2025-03-23T23:03:03.493+03:00 DEBUG 40692 --- [payment-billing-service] [main] liquibase.servicelocator                 : Loaded liquibase.command.CommandStep instance liquibase.command.core.TagCommandStep
2025-03-23T23:03:03.494+03:00 DEBUG 40692 --- [payment-billing-service] [main] liquibase.servicelocator                 : Loaded liquibase.command.CommandStep instance liquibase.command.core.TagExistsCommandStep
2025-03-23T23:03:03.494+03:00 DEBUG 40692 --- [payment-billing-service] [main] liquibase.servicelocator                 : Loaded liquibase.command.CommandStep instance liquibase.command.core.UnexpectedChangesetsCommandStep
2025-03-23T23:03:03.494+03:00 DEBUG 40692 --- [payment-billing-service] [main] liquibase.servicelocator                 : Loaded liquibase.command.CommandStep instance liquibase.command.core.UpdateCommandStep
2025-03-23T23:03:03.495+03:00 DEBUG 40692 --- [payment-billing-service] [main] liquibase.servicelocator                 : Loaded liquibase.command.CommandStep instance liquibase.command.core.UpdateCountCommandStep
2025-03-23T23:03:03.495+03:00 DEBUG 40692 --- [payment-billing-service] [main] liquibase.servicelocator                 : Loaded liquibase.command.CommandStep instance liquibase.command.core.UpdateCountSqlCommandStep
2025-03-23T23:03:03.496+03:00 DEBUG 40692 --- [payment-billing-service] [main] liquibase.servicelocator                 : Loaded liquibase.command.CommandStep instance liquibase.command.core.UpdateSqlCommandStep
2025-03-23T23:03:03.496+03:00 DEBUG 40692 --- [payment-billing-service] [main] liquibase.servicelocator                 : Loaded liquibase.command.CommandStep instance liquibase.command.core.UpdateTestingRollbackCommandStep
2025-03-23T23:03:03.497+03:00 DEBUG 40692 --- [payment-billing-service] [main] liquibase.servicelocator                 : Loaded liquibase.command.CommandStep instance liquibase.command.core.UpdateToTagCommandStep
2025-03-23T23:03:03.498+03:00 DEBUG 40692 --- [payment-billing-service] [main] liquibase.servicelocator                 : Loaded liquibase.command.CommandStep instance liquibase.command.core.UpdateToTagSqlCommandStep
2025-03-23T23:03:03.499+03:00 DEBUG 40692 --- [payment-billing-service] [main] liquibase.servicelocator                 : Loaded liquibase.command.CommandStep instance liquibase.command.core.ValidateCommandStep
2025-03-23T23:03:03.500+03:00 DEBUG 40692 --- [payment-billing-service] [main] liquibase.servicelocator                 : Loaded liquibase.command.CommandStep instance liquibase.command.core.helpers.ChangeExecListenerCommandStep
2025-03-23T23:03:03.501+03:00 DEBUG 40692 --- [payment-billing-service] [main] liquibase.servicelocator                 : Loaded liquibase.command.CommandStep instance liquibase.command.core.helpers.DatabaseChangelogCommandStep
2025-03-23T23:03:03.501+03:00 DEBUG 40692 --- [payment-billing-service] [main] liquibase.servicelocator                 : Loaded liquibase.command.CommandStep instance liquibase.command.core.helpers.DbUrlConnectionArgumentsCommandStep
2025-03-23T23:03:03.502+03:00 DEBUG 40692 --- [payment-billing-service] [main] liquibase.servicelocator                 : Loaded liquibase.command.CommandStep instance liquibase.command.core.helpers.DbUrlConnectionCommandStep
2025-03-23T23:03:03.503+03:00 DEBUG 40692 --- [payment-billing-service] [main] liquibase.servicelocator                 : Loaded liquibase.command.CommandStep instance liquibase.command.core.helpers.DiffOutputControlCommandStep
2025-03-23T23:03:03.504+03:00 DEBUG 40692 --- [payment-billing-service] [main] liquibase.servicelocator                 : Loaded liquibase.command.CommandStep instance liquibase.command.core.helpers.LockServiceCommandStep
2025-03-23T23:03:03.504+03:00 DEBUG 40692 --- [payment-billing-service] [main] liquibase.servicelocator                 : Loaded liquibase.command.CommandStep instance liquibase.command.core.helpers.OutputWriterCommandStep
2025-03-23T23:03:03.506+03:00 DEBUG 40692 --- [payment-billing-service] [main] liquibase.servicelocator                 : Loaded liquibase.command.CommandStep instance liquibase.command.core.helpers.PreCompareCommandStep
2025-03-23T23:03:03.506+03:00 DEBUG 40692 --- [payment-billing-service] [main] liquibase.servicelocator                 : Loaded liquibase.command.CommandStep instance liquibase.command.core.helpers.ReferenceDatabaseOutputWriterCommandStep
2025-03-23T23:03:03.507+03:00 DEBUG 40692 --- [payment-billing-service] [main] liquibase.servicelocator                 : Loaded liquibase.command.CommandStep instance liquibase.command.core.helpers.ReferenceDbUrlConnectionCommandStep
2025-03-23T23:03:03.508+03:00 DEBUG 40692 --- [payment-billing-service] [main] liquibase.servicelocator                 : Loaded liquibase.command.CommandStep instance liquibase.command.core.helpers.ShowSummaryArgument
2025-03-23T23:03:03.515+03:00 DEBUG 40692 --- [payment-billing-service] [main] liquibase.servicelocator                 : Loaded liquibase.logging.mdc.MdcManager instance liquibase.logging.mdc.NoOpMdcManager
2025-03-23T23:03:03.516+03:00 DEBUG 40692 --- [payment-billing-service] [main] liquibase.configuration                  : No configuration value for liquibase.strict found
2025-03-23T23:03:03.517+03:00 DEBUG 40692 --- [payment-billing-service] [main] liquibase.configuration                  : Configuration liquibase.strict is using the default value of false
2025-03-23T23:03:03.518+03:00 DEBUG 40692 --- [payment-billing-service] [main] liquibase.configuration                  : No configuration value for liquibase.command.update.changeExecListener found
2025-03-23T23:03:03.519+03:00 DEBUG 40692 --- [payment-billing-service] [main] liquibase.configuration                  : No configuration value for liquibase.command.changeExecListener found
2025-03-23T23:03:03.520+03:00 DEBUG 40692 --- [payment-billing-service] [main] liquibase.configuration                  : No configuration value for liquibase.command.update.changeExecListenerClass found
2025-03-23T23:03:03.520+03:00 DEBUG 40692 --- [payment-billing-service] [main] liquibase.configuration                  : No configuration value for liquibase.command.changeExecListenerClass found
2025-03-23T23:03:03.521+03:00 DEBUG 40692 --- [payment-billing-service] [main] liquibase.configuration                  : No configuration value for liquibase.command.update.changeExecListenerPropertiesFile found
2025-03-23T23:03:03.521+03:00 DEBUG 40692 --- [payment-billing-service] [main] liquibase.configuration                  : No configuration value for liquibase.command.changeExecListenerPropertiesFile found
2025-03-23T23:03:03.522+03:00 DEBUG 40692 --- [payment-billing-service] [main] liquibase.configuration                  : Found 'liquibase.command.update.changelogFile' configuration of 'classpath:/db/changelog/db.changelog-master.xml'
    command argument 'changelogFile' of 'classpath:/db/changelog/db.changelog-master.xml'
2025-03-23T23:03:03.523+03:00 DEBUG 40692 --- [payment-billing-service] [main] liquibase.configuration                  : Found 'liquibase.command.update.changelogParameters' configuration of 'liquibase.changelog.ChangeLogParameters@43445fc6'
    command argument 'changelogParameters' of 'liquibase.changelog.ChangeLogParameters@43445fc6'
2025-03-23T23:03:03.523+03:00 DEBUG 40692 --- [payment-billing-service] [main] liquibase.configuration                  : No configuration value for liquibase.command.update.contextFilter aka liquibase.command.update.contexts found
2025-03-23T23:03:03.524+03:00 DEBUG 40692 --- [payment-billing-service] [main] liquibase.configuration                  : No configuration value for liquibase.command.contextFilter aka liquibase.command.contexts found
2025-03-23T23:03:03.524+03:00 DEBUG 40692 --- [payment-billing-service] [main] liquibase.configuration                  : Found 'liquibase.command.update.database' configuration of 'SA @ jdbc:h2:mem:b9c71d64-7cd0-4a48-a6cf-bef74be46441 (Default Schema: PUBLIC)'
    command argument 'database' of 'SA @ jdbc:h2:mem:b9c71d64-7cd0-4a48-a6cf-bef74be46441 (Default Schema: PUBLIC)'
2025-03-23T23:03:03.525+03:00 DEBUG 40692 --- [payment-billing-service] [main] liquibase.configuration                  : No configuration value for liquibase.command.update.databaseChangelog found
2025-03-23T23:03:03.525+03:00 DEBUG 40692 --- [payment-billing-service] [main] liquibase.configuration                  : No configuration value for liquibase.command.databaseChangelog found
2025-03-23T23:03:03.526+03:00 DEBUG 40692 --- [payment-billing-service] [main] liquibase.configuration                  : No configuration value for liquibase.command.update.defaultCatalogName found
2025-03-23T23:03:03.526+03:00 DEBUG 40692 --- [payment-billing-service] [main] liquibase.configuration                  : No configuration value for liquibase.command.defaultCatalogName found
2025-03-23T23:03:03.527+03:00 DEBUG 40692 --- [payment-billing-service] [main] liquibase.configuration                  : No configuration value for liquibase.command.update.defaultSchemaName found
2025-03-23T23:03:03.527+03:00 DEBUG 40692 --- [payment-billing-service] [main] liquibase.configuration                  : No configuration value for liquibase.command.defaultSchemaName found
2025-03-23T23:03:03.528+03:00 DEBUG 40692 --- [payment-billing-service] [main] liquibase.configuration                  : No configuration value for liquibase.command.update.driver found
2025-03-23T23:03:03.528+03:00 DEBUG 40692 --- [payment-billing-service] [main] liquibase.configuration                  : No configuration value for liquibase.command.driver found
2025-03-23T23:03:03.528+03:00 DEBUG 40692 --- [payment-billing-service] [main] liquibase.configuration                  : No configuration value for liquibase.command.update.driverPropertiesFile found
2025-03-23T23:03:03.529+03:00 DEBUG 40692 --- [payment-billing-service] [main] liquibase.configuration                  : No configuration value for liquibase.command.driverPropertiesFile found
2025-03-23T23:03:03.530+03:00 DEBUG 40692 --- [payment-billing-service] [main] liquibase.configuration                  : No configuration value for liquibase.command.update.labelFilter aka liquibase.command.update.labels found
2025-03-23T23:03:03.531+03:00 DEBUG 40692 --- [payment-billing-service] [main] liquibase.configuration                  : No configuration value for liquibase.command.labelFilter aka liquibase.command.labels found
2025-03-23T23:03:03.532+03:00 DEBUG 40692 --- [payment-billing-service] [main] liquibase.configuration                  : No configuration value for liquibase.command.update.password found
2025-03-23T23:03:03.533+03:00 DEBUG 40692 --- [payment-billing-service] [main] liquibase.configuration                  : No configuration value for liquibase.command.password found
2025-03-23T23:03:03.534+03:00 DEBUG 40692 --- [payment-billing-service] [main] liquibase.configuration                  : No configuration value for liquibase.command.update.showSummary found
2025-03-23T23:03:03.534+03:00 DEBUG 40692 --- [payment-billing-service] [main] liquibase.configuration                  : Configuration liquibase.command.update.showSummary is using the default value of SUMMARY
2025-03-23T23:03:03.534+03:00 DEBUG 40692 --- [payment-billing-service] [main] liquibase.configuration                  : No configuration value for liquibase.command.showSummary found
2025-03-23T23:03:03.535+03:00 DEBUG 40692 --- [payment-billing-service] [main] liquibase.configuration                  : Configuration liquibase.command.showSummary is using the default value of SUMMARY
2025-03-23T23:03:03.536+03:00 DEBUG 40692 --- [payment-billing-service] [main] liquibase.configuration                  : Found 'liquibase.command.update.showSummaryOutput' configuration of 'LOG'
    command argument 'showSummaryOutput' of 'LOG'
2025-03-23T23:03:03.537+03:00 DEBUG 40692 --- [payment-billing-service] [main] liquibase.configuration                  : No configuration value for liquibase.command.update.skipDatabaseStep found
2025-03-23T23:03:03.538+03:00 DEBUG 40692 --- [payment-billing-service] [main] liquibase.configuration                  : Configuration liquibase.command.update.skipDatabaseStep is using the default value of false
2025-03-23T23:03:03.539+03:00 DEBUG 40692 --- [payment-billing-service] [main] liquibase.configuration                  : No configuration value for liquibase.command.skipDatabaseStep found
2025-03-23T23:03:03.539+03:00 DEBUG 40692 --- [payment-billing-service] [main] liquibase.configuration                  : Configuration liquibase.command.skipDatabaseStep is using the default value of false
2025-03-23T23:03:03.540+03:00 DEBUG 40692 --- [payment-billing-service] [main] liquibase.configuration                  : No configuration value for liquibase.command.update.updateNullChecksums found
2025-03-23T23:03:03.540+03:00 DEBUG 40692 --- [payment-billing-service] [main] liquibase.configuration                  : Configuration liquibase.command.update.updateNullChecksums is using the default value of false
2025-03-23T23:03:03.540+03:00 DEBUG 40692 --- [payment-billing-service] [main] liquibase.configuration                  : No configuration value for liquibase.command.updateNullChecksums found
2025-03-23T23:03:03.541+03:00 DEBUG 40692 --- [payment-billing-service] [main] liquibase.configuration                  : Configuration liquibase.command.updateNullChecksums is using the default value of false
2025-03-23T23:03:03.541+03:00 DEBUG 40692 --- [payment-billing-service] [main] liquibase.configuration                  : No configuration value for liquibase.command.update.url found
2025-03-23T23:03:03.542+03:00 DEBUG 40692 --- [payment-billing-service] [main] liquibase.configuration                  : No configuration value for liquibase.command.url found
2025-03-23T23:03:03.543+03:00 DEBUG 40692 --- [payment-billing-service] [main] liquibase.configuration                  : No configuration value for liquibase.command.update.username found
2025-03-23T23:03:03.544+03:00 DEBUG 40692 --- [payment-billing-service] [main] liquibase.configuration                  : No configuration value for liquibase.command.username found
2025-03-23T23:03:03.545+03:00 DEBUG 40692 --- [payment-billing-service] [main] liquibase.command                        : Pipeline for command 'update: liquibase.command.core.helpers.DbUrlConnectionArgumentsCommandStep then liquibase.command.core.helpers.ShowSummaryArgument then liquibase.command.core.helpers.DbUrlConnectionCommandStep then liquibase.command.core.helpers.DatabaseChangelogCommandStep then liquibase.command.core.helpers.ChangeExecListenerCommandStep then liquibase.command.core.UpdateCommandStep
2025-03-23T23:03:03.547+03:00 DEBUG 40692 --- [payment-billing-service] [main] liquibase.configuration                  : No configuration value for liquibase.outputFile found
2025-03-23T23:03:03.548+03:00 DEBUG 40692 --- [payment-billing-service] [main] liquibase.configuration                  : No configuration value for liquibase.outputFileEncoding found
2025-03-23T23:03:03.548+03:00 DEBUG 40692 --- [payment-billing-service] [main] liquibase.configuration                  : Configuration liquibase.outputFileEncoding is using the default value of UTF-8
2025-03-23T23:03:03.548+03:00 DEBUG 40692 --- [payment-billing-service] [main] liquibase.command                        : Writing output with encoding 'UTF-8'
2025-03-23T23:03:03.548+03:00 DEBUG 40692 --- [payment-billing-service] [main] liquibase.command                        : Executing internal command dbUrlConnectionArguments
2025-03-23T23:03:03.549+03:00 DEBUG 40692 --- [payment-billing-service] [main] liquibase.command                        : Executing internal command showSummary
2025-03-23T23:03:03.549+03:00 DEBUG 40692 --- [payment-billing-service] [main] liquibase.configuration                  : Configuration liquibase.command.update.showSummary is using the default value of SUMMARY
2025-03-23T23:03:03.549+03:00 DEBUG 40692 --- [payment-billing-service] [main] liquibase.configuration                  : Configuration liquibase.command.showSummary is using the default value of SUMMARY
2025-03-23T23:03:03.550+03:00 DEBUG 40692 --- [payment-billing-service] [main] liquibase.command                        : Executing internal command dbUrlConnectionCommandStep
2025-03-23T23:03:03.550+03:00 DEBUG 40692 --- [payment-billing-service] [main] liquibase.configuration                  : Configuration liquibase.command.update.skipDatabaseStep is using the default value of false
2025-03-23T23:03:03.550+03:00 DEBUG 40692 --- [payment-billing-service] [main] liquibase.configuration                  : Configuration liquibase.command.skipDatabaseStep is using the default value of false
2025-03-23T23:03:03.551+03:00 DEBUG 40692 --- [payment-billing-service] [main] liquibase.command                        : Executing internal command changelogCommandStep
2025-03-23T23:03:03.562+03:00 DEBUG 40692 --- [payment-billing-service] [main] liquibase.servicelocator                 : Loaded liquibase.parser.ChangeLogParser instance liquibase.parser.core.formattedsql.FormattedSqlChangeLogParser
2025-03-23T23:03:03.565+03:00 DEBUG 40692 --- [payment-billing-service] [main] liquibase.servicelocator                 : Loaded liquibase.parser.ChangeLogParser instance liquibase.parser.core.json.JsonChangeLogParser
2025-03-23T23:03:03.566+03:00 DEBUG 40692 --- [payment-billing-service] [main] liquibase.servicelocator                 : Loaded liquibase.parser.ChangeLogParser instance liquibase.parser.core.sql.SqlChangeLogParser
2025-03-23T23:03:03.576+03:00 DEBUG 40692 --- [payment-billing-service] [main] liquibase.configuration                  : No configuration value for liquibase.validateXmlChangelogFiles found
2025-03-23T23:03:03.577+03:00 DEBUG 40692 --- [payment-billing-service] [main] liquibase.configuration                  : Configuration liquibase.validateXmlChangelogFiles is using the default value of true
2025-03-23T23:03:03.577+03:00 DEBUG 40692 --- [payment-billing-service] [main] liquibase.configuration                  : No configuration value for liquibase.secureParsing found
2025-03-23T23:03:03.577+03:00 DEBUG 40692 --- [payment-billing-service] [main] liquibase.configuration                  : Configuration liquibase.secureParsing is using the default value of true
2025-03-23T23:03:03.578+03:00 DEBUG 40692 --- [payment-billing-service] [main] liquibase.servicelocator                 : Loaded liquibase.parser.ChangeLogParser instance liquibase.parser.core.xml.XMLChangeLogSAXParser
2025-03-23T23:03:03.578+03:00 DEBUG 40692 --- [payment-billing-service] [main] liquibase.servicelocator                 : Loaded liquibase.parser.ChangeLogParser instance liquibase.parser.core.yaml.YamlChangeLogParser
2025-03-23T23:03:03.579+03:00 DEBUG 40692 --- [payment-billing-service] [main] liquibase.parser                         : Matched file 'classpath:/db/changelog/db.changelog-master.xml' to parser 'XMLChangeLogSAXParser'
2025-03-23T23:03:03.676+03:00 DEBUG 40692 --- [payment-billing-service] [main] liquibase.servicelocator                 : Loaded liquibase.precondition.Precondition instance liquibase.precondition.CustomPreconditionWrapper
2025-03-23T23:03:03.677+03:00 DEBUG 40692 --- [payment-billing-service] [main] liquibase.servicelocator                 : Loaded liquibase.precondition.Precondition instance liquibase.precondition.core.AndPrecondition
2025-03-23T23:03:03.677+03:00 DEBUG 40692 --- [payment-billing-service] [main] liquibase.servicelocator                 : Loaded liquibase.precondition.Precondition instance liquibase.precondition.core.ChangeLogPropertyDefinedPrecondition
2025-03-23T23:03:03.678+03:00 DEBUG 40692 --- [payment-billing-service] [main] liquibase.servicelocator                 : Loaded liquibase.precondition.Precondition instance liquibase.precondition.core.ChangeSetExecutedPrecondition
2025-03-23T23:03:03.679+03:00 DEBUG 40692 --- [payment-billing-service] [main] liquibase.servicelocator                 : Loaded liquibase.precondition.Precondition instance liquibase.precondition.core.ColumnExistsPrecondition
2025-03-23T23:03:03.679+03:00 DEBUG 40692 --- [payment-billing-service] [main] liquibase.servicelocator                 : Loaded liquibase.precondition.Precondition instance liquibase.precondition.core.DBMSPrecondition
2025-03-23T23:03:03.680+03:00 DEBUG 40692 --- [payment-billing-service] [main] liquibase.servicelocator                 : Loaded liquibase.precondition.Precondition instance liquibase.precondition.core.ForeignKeyExistsPrecondition
2025-03-23T23:03:03.681+03:00 DEBUG 40692 --- [payment-billing-service] [main] liquibase.servicelocator                 : Loaded liquibase.precondition.Precondition instance liquibase.precondition.core.IndexExistsPrecondition
2025-03-23T23:03:03.682+03:00 DEBUG 40692 --- [payment-billing-service] [main] liquibase.servicelocator                 : Loaded liquibase.precondition.Precondition instance liquibase.precondition.core.NotPrecondition
2025-03-23T23:03:03.682+03:00 DEBUG 40692 --- [payment-billing-service] [main] liquibase.servicelocator                 : Loaded liquibase.precondition.Precondition instance liquibase.precondition.core.ObjectQuotingStrategyPrecondition
2025-03-23T23:03:03.683+03:00 DEBUG 40692 --- [payment-billing-service] [main] liquibase.servicelocator                 : Loaded liquibase.precondition.Precondition instance liquibase.precondition.core.OrPrecondition
2025-03-23T23:03:03.683+03:00 DEBUG 40692 --- [payment-billing-service] [main] liquibase.servicelocator                 : Loaded liquibase.precondition.Precondition instance liquibase.precondition.core.PreconditionContainer
2025-03-23T23:03:03.683+03:00 DEBUG 40692 --- [payment-billing-service] [main] liquibase.servicelocator                 : Loaded liquibase.precondition.Precondition instance liquibase.precondition.core.PrimaryKeyExistsPrecondition
2025-03-23T23:03:03.684+03:00 DEBUG 40692 --- [payment-billing-service] [main] liquibase.servicelocator                 : Loaded liquibase.precondition.Precondition instance liquibase.precondition.core.RowCountPrecondition
2025-03-23T23:03:03.685+03:00 DEBUG 40692 --- [payment-billing-service] [main] liquibase.servicelocator                 : Loaded liquibase.precondition.Precondition instance liquibase.precondition.core.RunningAsPrecondition
2025-03-23T23:03:03.685+03:00 DEBUG 40692 --- [payment-billing-service] [main] liquibase.servicelocator                 : Loaded liquibase.precondition.Precondition instance liquibase.precondition.core.SequenceExistsPrecondition
2025-03-23T23:03:03.686+03:00 DEBUG 40692 --- [payment-billing-service] [main] liquibase.servicelocator                 : Loaded liquibase.precondition.Precondition instance liquibase.precondition.core.SqlPrecondition
2025-03-23T23:03:03.686+03:00 DEBUG 40692 --- [payment-billing-service] [main] liquibase.servicelocator                 : Loaded liquibase.precondition.Precondition instance liquibase.precondition.core.TableExistsPrecondition
2025-03-23T23:03:03.687+03:00 DEBUG 40692 --- [payment-billing-service] [main] liquibase.servicelocator                 : Loaded liquibase.precondition.Precondition instance liquibase.precondition.core.TableIsEmptyPrecondition
2025-03-23T23:03:03.687+03:00 DEBUG 40692 --- [payment-billing-service] [main] liquibase.servicelocator                 : Loaded liquibase.precondition.Precondition instance liquibase.precondition.core.UniqueConstraintExistsPrecondition
2025-03-23T23:03:03.688+03:00 DEBUG 40692 --- [payment-billing-service] [main] liquibase.servicelocator                 : Loaded liquibase.precondition.Precondition instance liquibase.precondition.core.ViewExistsPrecondition
2025-03-23T23:03:03.741+03:00 DEBUG 40692 --- [payment-billing-service] [main] liquibase.parser                         : Resolving XML entity name='null', publicId='null', baseURI='null', systemId='http://www.liquibase.org/xml/ns/dbchangelog/dbchangelog-4.0.xsd'
2025-03-23T23:03:03.841+03:00 DEBUG 40692 --- [payment-billing-service] [main] liquibase.parser                         : Matched file 'db/changelog/changeset-001.xml' to parser 'XMLChangeLogSAXParser'
2025-03-23T23:03:03.844+03:00 DEBUG 40692 --- [payment-billing-service] [main] liquibase.parser                         : Resolving XML entity name='null', publicId='null', baseURI='null', systemId='http://www.liquibase.org/xml/ns/dbchangelog/dbchangelog-4.0.xsd'
2025-03-23T23:03:03.877+03:00 DEBUG 40692 --- [payment-billing-service] [main] liquibase.servicelocator                 : Loaded liquibase.changeset.ChangeSetService instance liquibase.changeset.StandardChangeSetService
2025-03-23T23:03:03.892+03:00 DEBUG 40692 --- [payment-billing-service] [main] liquibase.configuration                  : Found 'liquibase.command.update.updateNullChecksums' configuration of 'true'
    command argument 'updateNullChecksums' of 'true'
2025-03-23T23:03:03.899+03:00 DEBUG 40692 --- [payment-billing-service] [main] liquibase.servicelocator                 : Loaded liquibase.changelog.ChangeLogHistoryService instance liquibase.changelog.MockChangeLogHistoryService
2025-03-23T23:03:03.902+03:00 DEBUG 40692 --- [payment-billing-service] [main] liquibase.servicelocator                 : Loaded liquibase.changelog.ChangeLogHistoryService instance liquibase.changelog.StandardChangeLogHistoryService
2025-03-23T23:03:03.906+03:00 DEBUG 40692 --- [payment-billing-service] [main] liquibase.servicelocator                 : Loaded liquibase.snapshot.SnapshotGenerator instance liquibase.snapshot.jvm.CatalogSnapshotGenerator
2025-03-23T23:03:03.909+03:00 DEBUG 40692 --- [payment-billing-service] [main] liquibase.servicelocator                 : Loaded liquibase.snapshot.SnapshotGenerator instance liquibase.snapshot.jvm.ColumnSnapshotGenerator
2025-03-23T23:03:03.909+03:00 DEBUG 40692 --- [payment-billing-service] [main] liquibase.servicelocator                 : Loaded liquibase.snapshot.SnapshotGenerator instance liquibase.snapshot.jvm.ColumnSnapshotGeneratorH2
2025-03-23T23:03:03.910+03:00 DEBUG 40692 --- [payment-billing-service] [main] liquibase.servicelocator                 : Loaded liquibase.snapshot.SnapshotGenerator instance liquibase.snapshot.jvm.ColumnSnapshotGeneratorInformix
2025-03-23T23:03:03.911+03:00 DEBUG 40692 --- [payment-billing-service] [main] liquibase.servicelocator                 : Loaded liquibase.snapshot.SnapshotGenerator instance liquibase.snapshot.jvm.ColumnSnapshotGeneratorOracle
2025-03-23T23:03:03.912+03:00 DEBUG 40692 --- [payment-billing-service] [main] liquibase.servicelocator                 : Loaded liquibase.snapshot.SnapshotGenerator instance liquibase.snapshot.jvm.DataSnapshotGenerator
2025-03-23T23:03:03.914+03:00 DEBUG 40692 --- [payment-billing-service] [main] liquibase.servicelocator                 : Loaded liquibase.snapshot.SnapshotGenerator instance liquibase.snapshot.jvm.ForeignKeySnapshotGenerator
2025-03-23T23:03:03.916+03:00 DEBUG 40692 --- [payment-billing-service] [main] liquibase.servicelocator                 : Loaded liquibase.snapshot.SnapshotGenerator instance liquibase.snapshot.jvm.IndexSnapshotGenerator
2025-03-23T23:03:03.917+03:00 DEBUG 40692 --- [payment-billing-service] [main] liquibase.servicelocator                 : Loaded liquibase.snapshot.SnapshotGenerator instance liquibase.snapshot.jvm.PrimaryKeySnapshotGenerator
2025-03-23T23:03:03.917+03:00 DEBUG 40692 --- [payment-billing-service] [main] liquibase.servicelocator                 : Loaded liquibase.snapshot.SnapshotGenerator instance liquibase.snapshot.jvm.SchemaSnapshotGenerator
2025-03-23T23:03:03.918+03:00 DEBUG 40692 --- [payment-billing-service] [main] liquibase.servicelocator                 : Loaded liquibase.snapshot.SnapshotGenerator instance liquibase.snapshot.jvm.SequenceSnapshotGenerator
2025-03-23T23:03:03.919+03:00 DEBUG 40692 --- [payment-billing-service] [main] liquibase.servicelocator                 : Loaded liquibase.snapshot.SnapshotGenerator instance liquibase.snapshot.jvm.TableSnapshotGenerator
2025-03-23T23:03:03.921+03:00 DEBUG 40692 --- [payment-billing-service] [main] liquibase.servicelocator                 : Loaded liquibase.snapshot.SnapshotGenerator instance liquibase.snapshot.jvm.UniqueConstraintSnapshotGenerator
2025-03-23T23:03:03.922+03:00 DEBUG 40692 --- [payment-billing-service] [main] liquibase.servicelocator                 : Loaded liquibase.snapshot.SnapshotGenerator instance liquibase.snapshot.jvm.ViewSnapshotGenerator
2025-03-23T23:03:03.922+03:00 DEBUG 40692 --- [payment-billing-service] [main] liquibase.servicelocator                 : Loaded liquibase.snapshot.SnapshotGenerator instance liquibase.snapshot.jvm.SchemaSnapshotGeneratorSnowflake
2025-03-23T23:03:03.923+03:00 DEBUG 40692 --- [payment-billing-service] [main] liquibase.servicelocator                 : Loaded liquibase.snapshot.SnapshotGenerator instance liquibase.snapshot.jvm.SequenceSnapshotGeneratorSnowflake
2025-03-23T23:03:03.923+03:00 DEBUG 40692 --- [payment-billing-service] [main] liquibase.servicelocator                 : Loaded liquibase.snapshot.SnapshotGenerator instance liquibase.snapshot.jvm.UniqueConstraintSnapshotGeneratorSnowflake
2025-03-23T23:03:03.925+03:00 DEBUG 40692 --- [payment-billing-service] [main] liquibase.configuration                  : No configuration value for liquibase.liquibaseCatalogName aka liquibase.catalogName found
2025-03-23T23:03:03.930+03:00 DEBUG 40692 --- [payment-billing-service] [main] liquibase.util                           : Computed checksum for 1742760183929 as 3fdb68f144febf6d352f72f71583751f
2025-03-23T23:03:03.937+03:00 DEBUG 40692 --- [payment-billing-service] [main] liquibase.configuration                  : No configuration value for liquibase.preserveSchemaCase found
2025-03-23T23:03:03.937+03:00 DEBUG 40692 --- [payment-billing-service] [main] liquibase.configuration                  : Configuration liquibase.preserveSchemaCase is using the default value of false
2025-03-23T23:03:03.946+03:00 DEBUG 40692 --- [payment-billing-service] [main] liquibase.servicelocator                 : Loaded liquibase.executor.Executor instance liquibase.executor.jvm.JdbcExecutor
2025-03-23T23:03:03.947+03:00 DEBUG 40692 --- [payment-billing-service] [main] liquibase.servicelocator                 : Loaded liquibase.executor.Executor instance liquibase.executor.jvm.SnowflakeJdbcExecutor
2025-03-23T23:03:03.947+03:00 DEBUG 40692 --- [payment-billing-service] [main] liquibase.executor                       : Create Database Change Log Table
2025-03-23T23:03:03.948+03:00  INFO 40692 --- [payment-billing-service] [main] liquibase.changelog                      : Creating database history table with name: PUBLIC.DATABASECHANGELOG
2025-03-23T23:03:03.951+03:00 DEBUG 40692 --- [payment-billing-service] [main] liquibase.servicelocator                 : Loaded liquibase.sqlgenerator.SqlGenerator instance liquibase.sqlgenerator.core.AddAutoIncrementGenerator
2025-03-23T23:03:03.951+03:00 DEBUG 40692 --- [payment-billing-service] [main] liquibase.servicelocator                 : Loaded liquibase.sqlgenerator.SqlGenerator instance liquibase.sqlgenerator.core.AddAutoIncrementGeneratorDB2
2025-03-23T23:03:03.952+03:00 DEBUG 40692 --- [payment-billing-service] [main] liquibase.servicelocator                 : Loaded liquibase.sqlgenerator.SqlGenerator instance liquibase.sqlgenerator.core.AddAutoIncrementGeneratorHsqlH2
2025-03-23T23:03:03.952+03:00 DEBUG 40692 --- [payment-billing-service] [main] liquibase.servicelocator                 : Loaded liquibase.sqlgenerator.SqlGenerator instance liquibase.sqlgenerator.core.AddAutoIncrementGeneratorInformix
2025-03-23T23:03:03.952+03:00 DEBUG 40692 --- [payment-billing-service] [main] liquibase.servicelocator                 : Loaded liquibase.sqlgenerator.SqlGenerator instance liquibase.sqlgenerator.core.AddAutoIncrementGeneratorMySQL
2025-03-23T23:03:03.953+03:00 DEBUG 40692 --- [payment-billing-service] [main] liquibase.servicelocator                 : Loaded liquibase.sqlgenerator.SqlGenerator instance liquibase.sqlgenerator.core.AddAutoIncrementGeneratorSQLite
2025-03-23T23:03:03.954+03:00 DEBUG 40692 --- [payment-billing-service] [main] liquibase.servicelocator                 : Loaded liquibase.sqlgenerator.SqlGenerator instance liquibase.sqlgenerator.core.AddColumnGenerator
2025-03-23T23:03:03.954+03:00 DEBUG 40692 --- [payment-billing-service] [main] liquibase.servicelocator                 : Loaded liquibase.sqlgenerator.SqlGenerator instance liquibase.sqlgenerator.core.AddColumnGeneratorDefaultClauseBeforeNotNull
2025-03-23T23:03:03.955+03:00 DEBUG 40692 --- [payment-billing-service] [main] liquibase.servicelocator                 : Loaded liquibase.sqlgenerator.SqlGenerator instance liquibase.sqlgenerator.core.AddColumnGeneratorSQLite
2025-03-23T23:03:03.955+03:00 DEBUG 40692 --- [payment-billing-service] [main] liquibase.servicelocator                 : Loaded liquibase.sqlgenerator.SqlGenerator instance liquibase.sqlgenerator.core.AddDefaultValueGenerator
2025-03-23T23:03:03.956+03:00 DEBUG 40692 --- [payment-billing-service] [main] liquibase.servicelocator                 : Loaded liquibase.sqlgenerator.SqlGenerator instance liquibase.sqlgenerator.core.AddDefaultValueGeneratorDerby
2025-03-23T23:03:03.956+03:00 DEBUG 40692 --- [payment-billing-service] [main] liquibase.servicelocator                 : Loaded liquibase.sqlgenerator.SqlGenerator instance liquibase.sqlgenerator.core.AddDefaultValueGeneratorInformix
2025-03-23T23:03:03.956+03:00 DEBUG 40692 --- [payment-billing-service] [main] liquibase.servicelocator                 : Loaded liquibase.sqlgenerator.SqlGenerator instance liquibase.sqlgenerator.core.AddDefaultValueGeneratorMSSQL
2025-03-23T23:03:03.957+03:00 DEBUG 40692 --- [payment-billing-service] [main] liquibase.servicelocator                 : Loaded liquibase.sqlgenerator.SqlGenerator instance liquibase.sqlgenerator.core.AddDefaultValueGeneratorMySQL
2025-03-23T23:03:03.957+03:00 DEBUG 40692 --- [payment-billing-service] [main] liquibase.servicelocator                 : Loaded liquibase.sqlgenerator.SqlGenerator instance liquibase.sqlgenerator.core.AddDefaultValueGeneratorOracle
2025-03-23T23:03:03.958+03:00 DEBUG 40692 --- [payment-billing-service] [main] liquibase.servicelocator                 : Loaded liquibase.sqlgenerator.SqlGenerator instance liquibase.sqlgenerator.core.AddDefaultValueGeneratorPostgres
2025-03-23T23:03:03.958+03:00 DEBUG 40692 --- [payment-billing-service] [main] liquibase.servicelocator                 : Loaded liquibase.sqlgenerator.SqlGenerator instance liquibase.sqlgenerator.core.AddDefaultValueGeneratorSQLite
2025-03-23T23:03:03.959+03:00 DEBUG 40692 --- [payment-billing-service] [main] liquibase.servicelocator                 : Loaded liquibase.sqlgenerator.SqlGenerator instance liquibase.sqlgenerator.core.AddDefaultValueGeneratorSybase
2025-03-23T23:03:03.959+03:00 DEBUG 40692 --- [payment-billing-service] [main] liquibase.servicelocator                 : Loaded liquibase.sqlgenerator.SqlGenerator instance liquibase.sqlgenerator.core.AddDefaultValueGeneratorSybaseASA
2025-03-23T23:03:03.960+03:00 DEBUG 40692 --- [payment-billing-service] [main] liquibase.servicelocator                 : Loaded liquibase.sqlgenerator.SqlGenerator instance liquibase.sqlgenerator.core.AddForeignKeyConstraintGenerator
2025-03-23T23:03:03.960+03:00 DEBUG 40692 --- [payment-billing-service] [main] liquibase.servicelocator                 : Loaded liquibase.sqlgenerator.SqlGenerator instance liquibase.sqlgenerator.core.AddPrimaryKeyGenerator
2025-03-23T23:03:03.961+03:00 DEBUG 40692 --- [payment-billing-service] [main] liquibase.servicelocator                 : Loaded liquibase.sqlgenerator.SqlGenerator instance liquibase.sqlgenerator.core.AddPrimaryKeyGeneratorInformix
2025-03-23T23:03:03.961+03:00 DEBUG 40692 --- [payment-billing-service] [main] liquibase.servicelocator                 : Loaded liquibase.sqlgenerator.SqlGenerator instance liquibase.sqlgenerator.core.AddUniqueConstraintGenerator
2025-03-23T23:03:03.961+03:00 DEBUG 40692 --- [payment-billing-service] [main] liquibase.servicelocator                 : Loaded liquibase.sqlgenerator.SqlGenerator instance liquibase.sqlgenerator.core.AddUniqueConstraintGeneratorInformix
2025-03-23T23:03:03.962+03:00 DEBUG 40692 --- [payment-billing-service] [main] liquibase.servicelocator                 : Loaded liquibase.sqlgenerator.SqlGenerator instance liquibase.sqlgenerator.core.AddUniqueConstraintGeneratorTDS
2025-03-23T23:03:03.962+03:00 DEBUG 40692 --- [payment-billing-service] [main] liquibase.servicelocator                 : Loaded liquibase.sqlgenerator.SqlGenerator instance liquibase.sqlgenerator.core.AlterSequenceGenerator
2025-03-23T23:03:03.963+03:00 DEBUG 40692 --- [payment-billing-service] [main] liquibase.servicelocator                 : Loaded liquibase.sqlgenerator.SqlGenerator instance liquibase.sqlgenerator.core.BatchDmlExecutablePreparedStatementGenerator
2025-03-23T23:03:03.963+03:00 DEBUG 40692 --- [payment-billing-service] [main] liquibase.servicelocator                 : Loaded liquibase.sqlgenerator.SqlGenerator instance liquibase.sqlgenerator.core.ClearDatabaseChangeLogTableGenerator
2025-03-23T23:03:03.963+03:00 DEBUG 40692 --- [payment-billing-service] [main] liquibase.servicelocator                 : Loaded liquibase.sqlgenerator.SqlGenerator instance liquibase.sqlgenerator.core.CommentGenerator
2025-03-23T23:03:03.964+03:00 DEBUG 40692 --- [payment-billing-service] [main] liquibase.servicelocator                 : Loaded liquibase.sqlgenerator.SqlGenerator instance liquibase.sqlgenerator.core.CopyRowsGenerator
2025-03-23T23:03:03.964+03:00 DEBUG 40692 --- [payment-billing-service] [main] liquibase.servicelocator                 : Loaded liquibase.sqlgenerator.SqlGenerator instance liquibase.sqlgenerator.core.CreateDatabaseChangeLogLockTableGenerator
2025-03-23T23:03:03.965+03:00 DEBUG 40692 --- [payment-billing-service] [main] liquibase.servicelocator                 : Loaded liquibase.sqlgenerator.SqlGenerator instance liquibase.sqlgenerator.core.CreateDatabaseChangeLogTableGenerator
2025-03-23T23:03:03.965+03:00 DEBUG 40692 --- [payment-billing-service] [main] liquibase.servicelocator                 : Loaded liquibase.sqlgenerator.SqlGenerator instance liquibase.sqlgenerator.core.CreateDatabaseChangeLogTableGeneratorSybase
2025-03-23T23:03:03.966+03:00 DEBUG 40692 --- [payment-billing-service] [main] liquibase.servicelocator                 : Loaded liquibase.sqlgenerator.SqlGenerator instance liquibase.sqlgenerator.core.CreateIndexGenerator
2025-03-23T23:03:03.966+03:00 DEBUG 40692 --- [payment-billing-service] [main] liquibase.servicelocator                 : Loaded liquibase.sqlgenerator.SqlGenerator instance liquibase.sqlgenerator.core.CreateIndexGeneratorFirebird
2025-03-23T23:03:03.967+03:00 DEBUG 40692 --- [payment-billing-service] [main] liquibase.servicelocator                 : Loaded liquibase.sqlgenerator.SqlGenerator instance liquibase.sqlgenerator.core.CreateIndexGeneratorPostgres
2025-03-23T23:03:03.967+03:00 DEBUG 40692 --- [payment-billing-service] [main] liquibase.servicelocator                 : Loaded liquibase.sqlgenerator.SqlGenerator instance liquibase.sqlgenerator.core.CreateProcedureGenerator
2025-03-23T23:03:03.968+03:00 DEBUG 40692 --- [payment-billing-service] [main] liquibase.servicelocator                 : Loaded liquibase.sqlgenerator.SqlGenerator instance liquibase.sqlgenerator.core.CreateSequenceGenerator
2025-03-23T23:03:03.969+03:00 DEBUG 40692 --- [payment-billing-service] [main] liquibase.servicelocator                 : Loaded liquibase.sqlgenerator.SqlGenerator instance liquibase.sqlgenerator.core.CreateTableGenerator
2025-03-23T23:03:03.969+03:00 DEBUG 40692 --- [payment-billing-service] [main] liquibase.servicelocator                 : Loaded liquibase.sqlgenerator.SqlGenerator instance liquibase.sqlgenerator.core.CreateTableGeneratorInformix
2025-03-23T23:03:03.969+03:00 DEBUG 40692 --- [payment-billing-service] [main] liquibase.servicelocator                 : Loaded liquibase.sqlgenerator.SqlGenerator instance liquibase.sqlgenerator.core.CreateViewGenerator
2025-03-23T23:03:03.970+03:00 DEBUG 40692 --- [payment-billing-service] [main] liquibase.servicelocator                 : Loaded liquibase.sqlgenerator.SqlGenerator instance liquibase.sqlgenerator.core.CreateViewGeneratorInformix
2025-03-23T23:03:03.970+03:00 DEBUG 40692 --- [payment-billing-service] [main] liquibase.servicelocator                 : Loaded liquibase.sqlgenerator.SqlGenerator instance liquibase.sqlgenerator.core.DeleteGenerator
2025-03-23T23:03:03.971+03:00 DEBUG 40692 --- [payment-billing-service] [main] liquibase.servicelocator                 : Loaded liquibase.sqlgenerator.SqlGenerator instance liquibase.sqlgenerator.core.DropColumnGenerator
2025-03-23T23:03:03.972+03:00 DEBUG 40692 --- [payment-billing-service] [main] liquibase.servicelocator                 : Loaded liquibase.sqlgenerator.SqlGenerator instance liquibase.sqlgenerator.core.DropDefaultValueGenerator
2025-03-23T23:03:03.972+03:00 DEBUG 40692 --- [payment-billing-service] [main] liquibase.servicelocator                 : Loaded liquibase.sqlgenerator.SqlGenerator instance liquibase.sqlgenerator.core.DropForeignKeyConstraintGenerator
2025-03-23T23:03:03.973+03:00 DEBUG 40692 --- [payment-billing-service] [main] liquibase.servicelocator                 : Loaded liquibase.sqlgenerator.SqlGenerator instance liquibase.sqlgenerator.core.DropIndexGenerator
2025-03-23T23:03:03.973+03:00 DEBUG 40692 --- [payment-billing-service] [main] liquibase.servicelocator                 : Loaded liquibase.sqlgenerator.SqlGenerator instance liquibase.sqlgenerator.core.DropPrimaryKeyGenerator
2025-03-23T23:03:03.974+03:00 DEBUG 40692 --- [payment-billing-service] [main] liquibase.servicelocator                 : Loaded liquibase.sqlgenerator.SqlGenerator instance liquibase.sqlgenerator.core.DropProcedureGenerator
2025-03-23T23:03:03.974+03:00 DEBUG 40692 --- [payment-billing-service] [main] liquibase.servicelocator                 : Loaded liquibase.sqlgenerator.SqlGenerator instance liquibase.sqlgenerator.core.DropSequenceGenerator
2025-03-23T23:03:03.975+03:00 DEBUG 40692 --- [payment-billing-service] [main] liquibase.servicelocator                 : Loaded liquibase.sqlgenerator.SqlGenerator instance liquibase.sqlgenerator.core.DropTableGenerator
2025-03-23T23:03:03.975+03:00 DEBUG 40692 --- [payment-billing-service] [main] liquibase.servicelocator                 : Loaded liquibase.sqlgenerator.SqlGenerator instance liquibase.sqlgenerator.core.DropUniqueConstraintGenerator
2025-03-23T23:03:03.975+03:00 DEBUG 40692 --- [payment-billing-service] [main] liquibase.servicelocator                 : Loaded liquibase.sqlgenerator.SqlGenerator instance liquibase.sqlgenerator.core.DropViewGenerator
2025-03-23T23:03:03.976+03:00 DEBUG 40692 --- [payment-billing-service] [main] liquibase.servicelocator                 : Loaded liquibase.sqlgenerator.SqlGenerator instance liquibase.sqlgenerator.core.GetNextChangeSetSequenceValueGenerator
2025-03-23T23:03:03.976+03:00 DEBUG 40692 --- [payment-billing-service] [main] liquibase.servicelocator                 : Loaded liquibase.sqlgenerator.SqlGenerator instance liquibase.sqlgenerator.core.GetViewDefinitionGenerator
2025-03-23T23:03:03.976+03:00 DEBUG 40692 --- [payment-billing-service] [main] liquibase.servicelocator                 : Loaded liquibase.sqlgenerator.SqlGenerator instance liquibase.sqlgenerator.core.GetViewDefinitionGeneratorDB2
2025-03-23T23:03:03.976+03:00 DEBUG 40692 --- [payment-billing-service] [main] liquibase.servicelocator                 : Loaded liquibase.sqlgenerator.SqlGenerator instance liquibase.sqlgenerator.core.GetViewDefinitionGeneratorDerby
2025-03-23T23:03:03.977+03:00 DEBUG 40692 --- [payment-billing-service] [main] liquibase.servicelocator                 : Loaded liquibase.sqlgenerator.SqlGenerator instance liquibase.sqlgenerator.core.GetViewDefinitionGeneratorFirebird
2025-03-23T23:03:03.977+03:00 DEBUG 40692 --- [payment-billing-service] [main] liquibase.servicelocator                 : Loaded liquibase.sqlgenerator.SqlGenerator instance liquibase.sqlgenerator.core.GetViewDefinitionGeneratorHsql
2025-03-23T23:03:03.978+03:00 DEBUG 40692 --- [payment-billing-service] [main] liquibase.servicelocator                 : Loaded liquibase.sqlgenerator.SqlGenerator instance liquibase.sqlgenerator.core.GetViewDefinitionGeneratorInformix
2025-03-23T23:03:03.978+03:00 DEBUG 40692 --- [payment-billing-service] [main] liquibase.servicelocator                 : Loaded liquibase.sqlgenerator.SqlGenerator instance liquibase.sqlgenerator.core.GetViewDefinitionGeneratorMSSQL
2025-03-23T23:03:03.979+03:00 DEBUG 40692 --- [payment-billing-service] [main] liquibase.servicelocator                 : Loaded liquibase.sqlgenerator.SqlGenerator instance liquibase.sqlgenerator.core.GetViewDefinitionGeneratorOracle
2025-03-23T23:03:03.979+03:00 DEBUG 40692 --- [payment-billing-service] [main] liquibase.servicelocator                 : Loaded liquibase.sqlgenerator.SqlGenerator instance liquibase.sqlgenerator.core.GetViewDefinitionGeneratorPostgres
2025-03-23T23:03:03.979+03:00 DEBUG 40692 --- [payment-billing-service] [main] liquibase.servicelocator                 : Loaded liquibase.sqlgenerator.SqlGenerator instance liquibase.sqlgenerator.core.GetViewDefinitionGeneratorSybase
2025-03-23T23:03:03.980+03:00 DEBUG 40692 --- [payment-billing-service] [main] liquibase.servicelocator                 : Loaded liquibase.sqlgenerator.SqlGenerator instance liquibase.sqlgenerator.core.GetViewDefinitionGeneratorSybaseASA
2025-03-23T23:03:03.980+03:00 DEBUG 40692 --- [payment-billing-service] [main] liquibase.servicelocator                 : Loaded liquibase.sqlgenerator.SqlGenerator instance liquibase.sqlgenerator.core.InitializeDatabaseChangeLogLockTableGenerator
2025-03-23T23:03:03.980+03:00 DEBUG 40692 --- [payment-billing-service] [main] liquibase.servicelocator                 : Loaded liquibase.sqlgenerator.SqlGenerator instance liquibase.sqlgenerator.core.InsertDataChangeGenerator
2025-03-23T23:03:03.981+03:00 DEBUG 40692 --- [payment-billing-service] [main] liquibase.servicelocator                 : Loaded liquibase.sqlgenerator.SqlGenerator instance liquibase.sqlgenerator.core.InsertGenerator
2025-03-23T23:03:03.982+03:00 DEBUG 40692 --- [payment-billing-service] [main] liquibase.servicelocator                 : Loaded liquibase.sqlgenerator.SqlGenerator instance liquibase.sqlgenerator.core.InsertOrUpdateGeneratorDB2
2025-03-23T23:03:03.983+03:00 DEBUG 40692 --- [payment-billing-service] [main] liquibase.servicelocator                 : Loaded liquibase.sqlgenerator.SqlGenerator instance liquibase.sqlgenerator.core.InsertOrUpdateGeneratorH2
2025-03-23T23:03:03.984+03:00 DEBUG 40692 --- [payment-billing-service] [main] liquibase.servicelocator                 : Loaded liquibase.sqlgenerator.SqlGenerator instance liquibase.sqlgenerator.core.InsertOrUpdateGeneratorHsql
2025-03-23T23:03:03.985+03:00 DEBUG 40692 --- [payment-billing-service] [main] liquibase.servicelocator                 : Loaded liquibase.sqlgenerator.SqlGenerator instance liquibase.sqlgenerator.core.InsertOrUpdateGeneratorInformix
2025-03-23T23:03:03.986+03:00 DEBUG 40692 --- [payment-billing-service] [main] liquibase.servicelocator                 : Loaded liquibase.sqlgenerator.SqlGenerator instance liquibase.sqlgenerator.core.InsertOrUpdateGeneratorMSSQL
2025-03-23T23:03:03.987+03:00 DEBUG 40692 --- [payment-billing-service] [main] liquibase.servicelocator                 : Loaded liquibase.sqlgenerator.SqlGenerator instance liquibase.sqlgenerator.core.InsertOrUpdateGeneratorMySQL
2025-03-23T23:03:03.987+03:00 DEBUG 40692 --- [payment-billing-service] [main] liquibase.servicelocator                 : Loaded liquibase.sqlgenerator.SqlGenerator instance liquibase.sqlgenerator.core.InsertOrUpdateGeneratorOracle
2025-03-23T23:03:03.988+03:00 DEBUG 40692 --- [payment-billing-service] [main] liquibase.servicelocator                 : Loaded liquibase.sqlgenerator.SqlGenerator instance liquibase.sqlgenerator.core.InsertOrUpdateGeneratorPostgres
2025-03-23T23:03:03.988+03:00 DEBUG 40692 --- [payment-billing-service] [main] liquibase.servicelocator                 : Loaded liquibase.sqlgenerator.SqlGenerator instance liquibase.sqlgenerator.core.InsertOrUpdateGeneratorSQLite
2025-03-23T23:03:03.989+03:00 DEBUG 40692 --- [payment-billing-service] [main] liquibase.servicelocator                 : Loaded liquibase.sqlgenerator.SqlGenerator instance liquibase.sqlgenerator.core.InsertOrUpdateGeneratorSybaseASA
2025-03-23T23:03:03.990+03:00 DEBUG 40692 --- [payment-billing-service] [main] liquibase.servicelocator                 : Loaded liquibase.sqlgenerator.SqlGenerator instance liquibase.sqlgenerator.core.InsertSetGenerator
2025-03-23T23:03:03.999+03:00 DEBUG 40692 --- [payment-billing-service] [main] liquibase.servicelocator                 : Loaded liquibase.sqlgenerator.SqlGenerator instance liquibase.sqlgenerator.core.LockDatabaseChangeLogGenerator
2025-03-23T23:03:04.000+03:00 DEBUG 40692 --- [payment-billing-service] [main] liquibase.servicelocator                 : Loaded liquibase.sqlgenerator.SqlGenerator instance liquibase.sqlgenerator.core.MarkChangeSetRanGenerator
2025-03-23T23:03:04.001+03:00 DEBUG 40692 --- [payment-billing-service] [main] liquibase.servicelocator                 : Loaded liquibase.sqlgenerator.SqlGenerator instance liquibase.sqlgenerator.core.ModifyDataTypeGenerator
2025-03-23T23:03:04.002+03:00 DEBUG 40692 --- [payment-billing-service] [main] liquibase.servicelocator                 : Loaded liquibase.sqlgenerator.SqlGenerator instance liquibase.sqlgenerator.core.RawParameterizedSqlGenerator
2025-03-23T23:03:04.003+03:00 DEBUG 40692 --- [payment-billing-service] [main] liquibase.servicelocator                 : Loaded liquibase.sqlgenerator.SqlGenerator instance liquibase.sqlgenerator.core.RawSqlGenerator
2025-03-23T23:03:04.004+03:00 DEBUG 40692 --- [payment-billing-service] [main] liquibase.servicelocator                 : Loaded liquibase.sqlgenerator.SqlGenerator instance liquibase.sqlgenerator.core.ReindexGeneratorSQLite
2025-03-23T23:03:04.004+03:00 DEBUG 40692 --- [payment-billing-service] [main] liquibase.servicelocator                 : Loaded liquibase.sqlgenerator.SqlGenerator instance liquibase.sqlgenerator.core.RemoveChangeSetRanStatusGenerator
2025-03-23T23:03:04.005+03:00 DEBUG 40692 --- [payment-billing-service] [main] liquibase.servicelocator                 : Loaded liquibase.sqlgenerator.SqlGenerator instance liquibase.sqlgenerator.core.RenameColumnGenerator
2025-03-23T23:03:04.005+03:00 DEBUG 40692 --- [payment-billing-service] [main] liquibase.servicelocator                 : Loaded liquibase.sqlgenerator.SqlGenerator instance liquibase.sqlgenerator.core.RenameSequenceGenerator
2025-03-23T23:03:04.006+03:00 DEBUG 40692 --- [payment-billing-service] [main] liquibase.servicelocator                 : Loaded liquibase.sqlgenerator.SqlGenerator instance liquibase.sqlgenerator.core.RenameTableGenerator
2025-03-23T23:03:04.007+03:00 DEBUG 40692 --- [payment-billing-service] [main] liquibase.servicelocator                 : Loaded liquibase.sqlgenerator.SqlGenerator instance liquibase.sqlgenerator.core.RenameViewGenerator
2025-03-23T23:03:04.007+03:00 DEBUG 40692 --- [payment-billing-service] [main] liquibase.servicelocator                 : Loaded liquibase.sqlgenerator.SqlGenerator instance liquibase.sqlgenerator.core.ReorganizeTableGeneratorDB2
2025-03-23T23:03:04.008+03:00 DEBUG 40692 --- [payment-billing-service] [main] liquibase.servicelocator                 : Loaded liquibase.sqlgenerator.SqlGenerator instance liquibase.sqlgenerator.core.RuntimeGenerator
2025-03-23T23:03:04.009+03:00 DEBUG 40692 --- [payment-billing-service] [main] liquibase.servicelocator                 : Loaded liquibase.sqlgenerator.SqlGenerator instance liquibase.sqlgenerator.core.SelectFromDatabaseChangeLogGenerator
2025-03-23T23:03:04.009+03:00 DEBUG 40692 --- [payment-billing-service] [main] liquibase.servicelocator                 : Loaded liquibase.sqlgenerator.SqlGenerator instance liquibase.sqlgenerator.core.SelectFromDatabaseChangeLogLockGenerator
2025-03-23T23:03:04.010+03:00 DEBUG 40692 --- [payment-billing-service] [main] liquibase.servicelocator                 : Loaded liquibase.sqlgenerator.SqlGenerator instance liquibase.sqlgenerator.core.SetColumnRemarksGenerator
2025-03-23T23:03:04.011+03:00 DEBUG 40692 --- [payment-billing-service] [main] liquibase.servicelocator                 : Loaded liquibase.sqlgenerator.SqlGenerator instance liquibase.sqlgenerator.core.SetNullableGenerator
2025-03-23T23:03:04.011+03:00 DEBUG 40692 --- [payment-billing-service] [main] liquibase.servicelocator                 : Loaded liquibase.sqlgenerator.SqlGenerator instance liquibase.sqlgenerator.core.SetTableRemarksGenerator
2025-03-23T23:03:04.012+03:00 DEBUG 40692 --- [payment-billing-service] [main] liquibase.servicelocator                 : Loaded liquibase.sqlgenerator.SqlGenerator instance liquibase.sqlgenerator.core.SetViewRemarksGenerator
2025-03-23T23:03:04.012+03:00 DEBUG 40692 --- [payment-billing-service] [main] liquibase.servicelocator                 : Loaded liquibase.sqlgenerator.SqlGenerator instance liquibase.sqlgenerator.core.StoredProcedureGenerator
2025-03-23T23:03:04.013+03:00 DEBUG 40692 --- [payment-billing-service] [main] liquibase.servicelocator                 : Loaded liquibase.sqlgenerator.SqlGenerator instance liquibase.sqlgenerator.core.TableIsEmptyGenerator
2025-03-23T23:03:04.013+03:00 DEBUG 40692 --- [payment-billing-service] [main] liquibase.servicelocator                 : Loaded liquibase.sqlgenerator.SqlGenerator instance liquibase.sqlgenerator.core.TableRowCountGenerator
2025-03-23T23:03:04.014+03:00 DEBUG 40692 --- [payment-billing-service] [main] liquibase.servicelocator                 : Loaded liquibase.sqlgenerator.SqlGenerator instance liquibase.sqlgenerator.core.TagDatabaseGenerator
2025-03-23T23:03:04.015+03:00 DEBUG 40692 --- [payment-billing-service] [main] liquibase.servicelocator                 : Loaded liquibase.sqlgenerator.SqlGenerator instance liquibase.sqlgenerator.core.UnlockDatabaseChangeLogGenerator
2025-03-23T23:03:04.015+03:00 DEBUG 40692 --- [payment-billing-service] [main] liquibase.servicelocator                 : Loaded liquibase.sqlgenerator.SqlGenerator instance liquibase.sqlgenerator.core.UpdateChangeSetChecksumGenerator
2025-03-23T23:03:04.016+03:00 DEBUG 40692 --- [payment-billing-service] [main] liquibase.servicelocator                 : Loaded liquibase.sqlgenerator.SqlGenerator instance liquibase.sqlgenerator.core.UpdateDataChangeGenerator
2025-03-23T23:03:04.016+03:00 DEBUG 40692 --- [payment-billing-service] [main] liquibase.servicelocator                 : Loaded liquibase.sqlgenerator.SqlGenerator instance liquibase.sqlgenerator.core.UpdateGenerator
2025-03-23T23:03:04.017+03:00 DEBUG 40692 --- [payment-billing-service] [main] liquibase.servicelocator                 : Loaded liquibase.sqlgenerator.SqlGenerator instance liquibase.sqlgenerator.core.CreateSequenceGeneratorSnowflake
2025-03-23T23:03:04.018+03:00 DEBUG 40692 --- [payment-billing-service] [main] liquibase.servicelocator                 : Loaded liquibase.sqlgenerator.SqlGenerator instance liquibase.sqlgenerator.core.DropDefaultValueGeneratorSnowflake
2025-03-23T23:03:04.019+03:00 DEBUG 40692 --- [payment-billing-service] [main] liquibase.servicelocator                 : Loaded liquibase.sqlgenerator.SqlGenerator instance liquibase.sqlgenerator.core.DropProcedureGeneratorSnowflake
2025-03-23T23:03:04.020+03:00 DEBUG 40692 --- [payment-billing-service] [main] liquibase.servicelocator                 : Loaded liquibase.sqlgenerator.SqlGenerator instance liquibase.sqlgenerator.core.InsertOrUpdateGeneratorSnowflake
2025-03-23T23:03:04.020+03:00 DEBUG 40692 --- [payment-billing-service] [main] liquibase.servicelocator                 : Loaded liquibase.sqlgenerator.SqlGenerator instance liquibase.sqlgenerator.core.RenameTableGeneratorSnowflake
2025-03-23T23:03:04.021+03:00 DEBUG 40692 --- [payment-billing-service] [main] liquibase.servicelocator                 : Loaded liquibase.sqlgenerator.SqlGenerator instance liquibase.sqlgenerator.core.RenameViewGeneratorSnowflake
2025-03-23T23:03:04.021+03:00 DEBUG 40692 --- [payment-billing-service] [main] liquibase.servicelocator                 : Loaded liquibase.sqlgenerator.SqlGenerator instance liquibase.sqlgenerator.core.SetColumnRemarksGeneratorSnowflake
2025-03-23T23:03:04.022+03:00 DEBUG 40692 --- [payment-billing-service] [main] liquibase.servicelocator                 : Loaded liquibase.sqlgenerator.SqlGenerator instance liquibase.sqlgenerator.core.SetTableRemarksGeneratorSnowflake
2025-03-23T23:03:04.022+03:00 DEBUG 40692 --- [payment-billing-service] [main] liquibase.servicelocator                 : Loaded liquibase.sqlgenerator.SqlGenerator instance liquibase.sqlgenerator.core.GetViewDefinitionGeneratorSnowflake
2025-03-23T23:03:04.042+03:00 DEBUG 40692 --- [payment-billing-service] [main] liquibase.configuration                  : No configuration value for liquibase.sql.alwaysSetFetchSize found
2025-03-23T23:03:04.043+03:00 DEBUG 40692 --- [payment-billing-service] [main] liquibase.configuration                  : Configuration liquibase.sql.alwaysSetFetchSize is using the default value of true
2025-03-23T23:03:04.046+03:00 DEBUG 40692 --- [payment-billing-service] [main] liquibase.configuration                  : No configuration value for liquibase.liquibaseTablespaceName aka liquibase.databaseChangeLogTablespaceName aka liquibase.liquibaseTableSpaceName found
2025-03-23T23:03:04.051+03:00 DEBUG 40692 --- [payment-billing-service] [main] liquibase.servicelocator                 : Loaded liquibase.datatype.LiquibaseDataType instance liquibase.datatype.core.BigIntType
2025-03-23T23:03:04.051+03:00 DEBUG 40692 --- [payment-billing-service] [main] liquibase.servicelocator                 : Loaded liquibase.datatype.LiquibaseDataType instance liquibase.datatype.core.BlobType
2025-03-23T23:03:04.052+03:00 DEBUG 40692 --- [payment-billing-service] [main] liquibase.servicelocator                 : Loaded liquibase.datatype.LiquibaseDataType instance liquibase.datatype.core.BooleanType
2025-03-23T23:03:04.053+03:00 DEBUG 40692 --- [payment-billing-service] [main] liquibase.servicelocator                 : Loaded liquibase.datatype.LiquibaseDataType instance liquibase.datatype.core.CharType
2025-03-23T23:03:04.054+03:00 DEBUG 40692 --- [payment-billing-service] [main] liquibase.servicelocator                 : Loaded liquibase.datatype.LiquibaseDataType instance liquibase.datatype.core.ClobType
2025-03-23T23:03:04.054+03:00 DEBUG 40692 --- [payment-billing-service] [main] liquibase.servicelocator                 : Loaded liquibase.datatype.LiquibaseDataType instance liquibase.datatype.core.CurrencyType
2025-03-23T23:03:04.054+03:00 DEBUG 40692 --- [payment-billing-service] [main] liquibase.servicelocator                 : Loaded liquibase.datatype.LiquibaseDataType instance liquibase.datatype.core.DatabaseFunctionType
2025-03-23T23:03:04.055+03:00 DEBUG 40692 --- [payment-billing-service] [main] liquibase.servicelocator                 : Loaded liquibase.datatype.LiquibaseDataType instance liquibase.datatype.core.DateTimeType
2025-03-23T23:03:04.056+03:00 DEBUG 40692 --- [payment-billing-service] [main] liquibase.servicelocator                 : Loaded liquibase.datatype.LiquibaseDataType instance liquibase.datatype.core.DateType
2025-03-23T23:03:04.056+03:00 DEBUG 40692 --- [payment-billing-service] [main] liquibase.servicelocator                 : Loaded liquibase.datatype.LiquibaseDataType instance liquibase.datatype.core.DecimalType
2025-03-23T23:03:04.057+03:00 DEBUG 40692 --- [payment-billing-service] [main] liquibase.servicelocator                 : Loaded liquibase.datatype.LiquibaseDataType instance liquibase.datatype.core.DoubleType
2025-03-23T23:03:04.057+03:00 DEBUG 40692 --- [payment-billing-service] [main] liquibase.servicelocator                 : Loaded liquibase.datatype.LiquibaseDataType instance liquibase.datatype.core.FloatType
2025-03-23T23:03:04.058+03:00 DEBUG 40692 --- [payment-billing-service] [main] liquibase.servicelocator                 : Loaded liquibase.datatype.LiquibaseDataType instance liquibase.datatype.core.IntType
2025-03-23T23:03:04.058+03:00 DEBUG 40692 --- [payment-billing-service] [main] liquibase.servicelocator                 : Loaded liquibase.datatype.LiquibaseDataType instance liquibase.datatype.core.MediumIntType
2025-03-23T23:03:04.058+03:00 DEBUG 40692 --- [payment-billing-service] [main] liquibase.servicelocator                 : Loaded liquibase.datatype.LiquibaseDataType instance liquibase.datatype.core.NCharType
2025-03-23T23:03:04.061+03:00 DEBUG 40692 --- [payment-billing-service] [main] liquibase.servicelocator                 : Loaded liquibase.datatype.LiquibaseDataType instance liquibase.datatype.core.NVarcharType
2025-03-23T23:03:04.062+03:00 DEBUG 40692 --- [payment-billing-service] [main] liquibase.servicelocator                 : Loaded liquibase.datatype.LiquibaseDataType instance liquibase.datatype.core.NumberType
2025-03-23T23:03:04.063+03:00 DEBUG 40692 --- [payment-billing-service] [main] liquibase.servicelocator                 : Loaded liquibase.datatype.LiquibaseDataType instance liquibase.datatype.core.SmallIntType
2025-03-23T23:03:04.068+03:00 DEBUG 40692 --- [payment-billing-service] [main] liquibase.servicelocator                 : Loaded liquibase.datatype.LiquibaseDataType instance liquibase.datatype.core.TimeType
2025-03-23T23:03:04.071+03:00 DEBUG 40692 --- [payment-billing-service] [main] liquibase.servicelocator                 : Loaded liquibase.datatype.LiquibaseDataType instance liquibase.datatype.core.TimestampType
2025-03-23T23:03:04.072+03:00 DEBUG 40692 --- [payment-billing-service] [main] liquibase.servicelocator                 : Loaded liquibase.datatype.LiquibaseDataType instance liquibase.datatype.core.TinyIntType
2025-03-23T23:03:04.073+03:00 DEBUG 40692 --- [payment-billing-service] [main] liquibase.servicelocator                 : Loaded liquibase.datatype.LiquibaseDataType instance liquibase.datatype.core.UUIDType
2025-03-23T23:03:04.073+03:00 DEBUG 40692 --- [payment-billing-service] [main] liquibase.servicelocator                 : Loaded liquibase.datatype.LiquibaseDataType instance liquibase.datatype.core.UnknownType
2025-03-23T23:03:04.074+03:00 DEBUG 40692 --- [payment-billing-service] [main] liquibase.servicelocator                 : Loaded liquibase.datatype.LiquibaseDataType instance liquibase.datatype.core.VarcharType
2025-03-23T23:03:04.075+03:00 DEBUG 40692 --- [payment-billing-service] [main] liquibase.servicelocator                 : Loaded liquibase.datatype.LiquibaseDataType instance liquibase.datatype.core.XMLType
2025-03-23T23:03:04.076+03:00 DEBUG 40692 --- [payment-billing-service] [main] liquibase.servicelocator                 : Loaded liquibase.datatype.LiquibaseDataType instance liquibase.datatype.core.TextDataTypeSnowflake
2025-03-23T23:03:04.076+03:00 DEBUG 40692 --- [payment-billing-service] [main] liquibase.servicelocator                 : Loaded liquibase.datatype.LiquibaseDataType instance liquibase.datatype.core.TimestampNTZTypeSnowflake
2025-03-23T23:03:04.077+03:00 DEBUG 40692 --- [payment-billing-service] [main] liquibase.servicelocator                 : Loaded liquibase.datatype.LiquibaseDataType instance liquibase.datatype.core.DoubleDataTypeSnowflake
2025-03-23T23:03:04.078+03:00 DEBUG 40692 --- [payment-billing-service] [main] liquibase.servicelocator                 : Loaded liquibase.datatype.LiquibaseDataType instance liquibase.datatype.core.BinaryTypeSnowflake
2025-03-23T23:03:04.079+03:00 DEBUG 40692 --- [payment-billing-service] [main] liquibase.servicelocator                 : Loaded liquibase.datatype.LiquibaseDataType instance liquibase.datatype.core.ClobTypeSnowflake
2025-03-23T23:03:04.087+03:00 DEBUG 40692 --- [payment-billing-service] [main] liquibase.configuration                  : No configuration value for liquibase.includeCatalogInSpecification found
2025-03-23T23:03:04.087+03:00 DEBUG 40692 --- [payment-billing-service] [main] liquibase.configuration                  : Configuration liquibase.includeCatalogInSpecification is using the default value of false
2025-03-23T23:03:04.088+03:00 DEBUG 40692 --- [payment-billing-service] [main] liquibase.configuration                  : No configuration value for liquibase.sql.logLevel found
2025-03-23T23:03:04.088+03:00 DEBUG 40692 --- [payment-billing-service] [main] liquibase.configuration                  : Configuration liquibase.sql.logLevel is using the default value of FINE
2025-03-23T23:03:04.088+03:00 DEBUG 40692 --- [payment-billing-service] [main] liquibase.executor                       : CREATE TABLE PUBLIC.DATABASECHANGELOG (ID VARCHAR(255) NOT NULL, AUTHOR VARCHAR(255) NOT NULL, FILENAME VARCHAR(255) NOT NULL, DATEEXECUTED TIMESTAMP NOT NULL, ORDEREXECUTED INT NOT NULL, EXECTYPE VARCHAR(10) NOT NULL, MD5SUM VARCHAR(35), DESCRIPTION VARCHAR(255), COMMENTS VARCHAR(255), TAG VARCHAR(255), LIQUIBASE VARCHAR(20), CONTEXTS VARCHAR(255), LABELS VARCHAR(255), DEPLOYMENT_ID VARCHAR(10))
2025-03-23T23:03:04.090+03:00 DEBUG 40692 --- [payment-billing-service] [main] liquibase.executor                       : 0 row(s) affected
2025-03-23T23:03:04.092+03:00 DEBUG 40692 --- [payment-billing-service] [main] liquibase.executor                       : Changelog query completed.
2025-03-23T23:03:04.098+03:00 DEBUG 40692 --- [payment-billing-service] [main] liquibase.servicelocator                 : Loaded liquibase.database.LiquibaseTableNames instance liquibase.database.StandardLiquibaseTableNames
2025-03-23T23:03:04.104+03:00  INFO 40692 --- [payment-billing-service] [main] liquibase.changelog                      : Reading from PUBLIC.DATABASECHANGELOG
2025-03-23T23:03:04.108+03:00 DEBUG 40692 --- [payment-billing-service] [main] liquibase.executor                       : Changelog query completed.
2025-03-23T23:03:04.112+03:00 DEBUG 40692 --- [payment-billing-service] [main] liquibase.servicelocator                 : Loaded liquibase.lockservice.LockService instance liquibase.lockservice.LockServiceImpl
2025-03-23T23:03:04.112+03:00 DEBUG 40692 --- [payment-billing-service] [main] liquibase.servicelocator                 : Loaded liquibase.lockservice.LockService instance liquibase.lockservice.MockLockService
2025-03-23T23:03:04.112+03:00 DEBUG 40692 --- [payment-billing-service] [main] liquibase.servicelocator                 : Loaded liquibase.lockservice.LockService instance liquibase.lockservice.OfflineLockService
2025-03-23T23:03:04.112+03:00 DEBUG 40692 --- [payment-billing-service] [main] liquibase.servicelocator                 : Loaded liquibase.lockservice.LockService instance liquibase.lockservice.StandardLockService
2025-03-23T23:03:04.117+03:00 DEBUG 40692 --- [payment-billing-service] [main] liquibase.executor                       : Create Database Lock Table
2025-03-23T23:03:04.120+03:00 DEBUG 40692 --- [payment-billing-service] [main] liquibase.executor                       : CREATE TABLE PUBLIC.DATABASECHANGELOGLOCK (ID INT NOT NULL, LOCKED BOOLEAN NOT NULL, LOCKGRANTED TIMESTAMP, LOCKEDBY VARCHAR(255), CONSTRAINT PK_DATABASECHANGELOGLOCK PRIMARY KEY (ID))
2025-03-23T23:03:04.124+03:00 DEBUG 40692 --- [payment-billing-service] [main] liquibase.executor                       : 0 row(s) affected
2025-03-23T23:03:04.124+03:00 DEBUG 40692 --- [payment-billing-service] [main] liquibase.executor                       : Changelog query completed.
2025-03-23T23:03:04.125+03:00 DEBUG 40692 --- [payment-billing-service] [main] liquibase.lockservice                    : Created database lock table with name: PUBLIC.DATABASECHANGELOGLOCK
2025-03-23T23:03:04.126+03:00 DEBUG 40692 --- [payment-billing-service] [main] liquibase.executor                       : Changelog query completed.
2025-03-23T23:03:04.126+03:00 DEBUG 40692 --- [payment-billing-service] [main] liquibase.executor                       : Initialize Database Lock Table
2025-03-23T23:03:04.128+03:00 DEBUG 40692 --- [payment-billing-service] [main] liquibase.executor                       : DELETE FROM PUBLIC.DATABASECHANGELOGLOCK
2025-03-23T23:03:04.129+03:00 DEBUG 40692 --- [payment-billing-service] [main] liquibase.executor                       : 0 row(s) affected
2025-03-23T23:03:04.129+03:00 DEBUG 40692 --- [payment-billing-service] [main] liquibase.executor                       : INSERT INTO PUBLIC.DATABASECHANGELOGLOCK (ID, LOCKED) VALUES (1, FALSE)
2025-03-23T23:03:04.130+03:00 DEBUG 40692 --- [payment-billing-service] [main] liquibase.executor                       : 1 row(s) affected
2025-03-23T23:03:04.130+03:00 DEBUG 40692 --- [payment-billing-service] [main] liquibase.executor                       : Changelog query completed.
2025-03-23T23:03:04.132+03:00 DEBUG 40692 --- [payment-billing-service] [main] liquibase.configuration                  : No configuration value for liquibase.allowDuplicatedChangesetIdentifiers found
2025-03-23T23:03:04.133+03:00 DEBUG 40692 --- [payment-billing-service] [main] liquibase.configuration                  : Configuration liquibase.allowDuplicatedChangesetIdentifiers is using the default value of false
2025-03-23T23:03:04.134+03:00 DEBUG 40692 --- [payment-billing-service] [main] liquibase.servicelocator                 : Loaded liquibase.changelog.visitor.ValidatingVisitorGenerator instance liquibase.changelog.visitor.StandardValidatingVisitorGenerator
2025-03-23T23:03:04.173+03:00 DEBUG 40692 --- [payment-billing-service] [main] liquibase.command                        : Executing internal command changeExecListener
2025-03-23T23:03:04.175+03:00 DEBUG 40692 --- [payment-billing-service] [main] liquibase.command                        : Executing internal command update migrate
2025-03-23T23:03:04.200+03:00 DEBUG 40692 --- [payment-billing-service] [main] liquibase.configuration                  : No configuration value for liquibase.changelogLockWaitTimeInMinutes aka liquibase.changeLogLockWaitTimeInMinutes found
2025-03-23T23:03:04.200+03:00 DEBUG 40692 --- [payment-billing-service] [main] liquibase.configuration                  : Configuration liquibase.changelogLockWaitTimeInMinutes is using the default value of 5
2025-03-23T23:03:04.202+03:00 DEBUG 40692 --- [payment-billing-service] [main] liquibase.executor                       : Changelog query completed.
2025-03-23T23:03:04.206+03:00 DEBUG 40692 --- [payment-billing-service] [main] liquibase.executor                       : Changelog query completed.
2025-03-23T23:03:04.206+03:00 DEBUG 40692 --- [payment-billing-service] [main] liquibase.executor                       : Lock Database
2025-03-23T23:03:04.211+03:00 DEBUG 40692 --- [payment-billing-service] [main] liquibase.executor                       : Changelog query completed.
2025-03-23T23:03:04.212+03:00  INFO 40692 --- [payment-billing-service] [main] liquibase.lockservice                    : Successfully acquired change log lock
2025-03-23T23:03:04.213+03:00  INFO 40692 --- [payment-billing-service] [main] liquibase.command                        : Using deploymentId: 2760184212
2025-03-23T23:03:04.216+03:00  INFO 40692 --- [payment-billing-service] [main] liquibase.changelog                      : Reading from PUBLIC.DATABASECHANGELOG
2025-03-23T23:03:04.217+03:00 DEBUG 40692 --- [payment-billing-service] [main] liquibase.executor                       : Changelog query completed.
2025-03-23T23:03:04.229+03:00 DEBUG 40692 --- [payment-billing-service] [main] liquibase.util                           : Computed checksum for createTable:[
    columns=[
        [
            [
                nullable="false"
                primaryKey="true"
            ]
            name="id"
            type="uuid"
        ],
        [
            [
                nullable="false"
            ]
            name="orderId"
            type="uuid"
        ],
        [
            [
                nullable="false"
            ]
            name="amount"
            type="numeric(10, 2)"
        ],
        [
            [
           ... [truncated in log] as 8478fc611abafd9a56788422f7ed8c98
2025-03-23T23:03:04.232+03:00 DEBUG 40692 --- [payment-billing-service] [main] liquibase.util                           : Computed checksum for createTable:[
    columns=[
        [
            [
                nullable="false"
                primaryKey="true"
            ]
            name="id"
            type="uuid"
        ],
        [
            [
                nullable="false"
            ]
            name="userId"
            type="uuid"
        ],
        [
            [
                nullable="false"
            ]
            name="paymentMethod"
            type="varchar(255)"
        ],
        [
            [
       ... [truncated in log] as bd6f521191b930a730d98cfb3626eecb
2025-03-23T23:03:04.234+03:00 DEBUG 40692 --- [payment-billing-service] [main] liquibase.util                           : Computed checksum for insert:[
    columns=[
        [
            name="id"
            valueComputed="uuid_generate_v4()"
        ],
        [
            name="orderId"
            valueComputed="uuid_generate_v4()"
        ],
        [
            name="amount"
            value="100.00"
        ],
        [
            name="status"
            value="PENDING"
        ]
    ]
    tableName="payments"
] as 4cd002129ed7cdb6d1f1b69c4884e7bc
2025-03-23T23:03:04.236+03:00 DEBUG 40692 --- [payment-billing-service] [main] liquibase.util                           : Computed checksum for insert:[
    columns=[
        [
            name="id"
            valueComputed="uuid_generate_v4()"
        ],
        [
            name="orderId"
            valueComputed="uuid_generate_v4()"
        ],
        [
            name="amount"
            value="200.00"
        ],
        [
            name="status"
            value="SUCCESS"
        ]
    ]
    tableName="payments"
] as c78110906508c3d9091264abf2ff1208
2025-03-23T23:03:04.238+03:00 DEBUG 40692 --- [payment-billing-service] [main] liquibase.util                           : Computed checksum for insert:[
    columns=[
        [
            name="id"
            valueComputed="uuid_generate_v4()"
        ],
        [
            name="userId"
            valueComputed="uuid_generate_v4()"
        ],
        [
            name="paymentMethod"
            value="CARD"
        ],
        [
            name="dueDate"
            value="2025-12-31T23:59:59"
        ]
    ]
    tableName="invoices"
] as f7bf69c2ace2350c0170362ea527a63c
2025-03-23T23:03:04.239+03:00 DEBUG 40692 --- [payment-billing-service] [main] liquibase.util                           : Computed checksum for insert:[
    columns=[
        [
            name="id"
            valueComputed="uuid_generate_v4()"
        ],
        [
            name="userId"
            valueComputed="uuid_generate_v4()"
        ],
        [
            name="paymentMethod"
            value="CASH"
        ],
        [
            name="dueDate"
            value="2025-11-30T23:59:59"
        ]
    ]
    tableName="invoices"
] as 8e4dcdc5eec2b5b050d6a094b5cb600f
2025-03-23T23:03:04.239+03:00 DEBUG 40692 --- [payment-billing-service] [main] liquibase.util                           : Computed checksum for 9:8478fc611abafd9a56788422f7ed8c98:9:bd6f521191b930a730d98cfb3626eecb:9:4cd002129ed7cdb6d1f1b69c4884e7bc:9:c78110906508c3d9091264abf2ff1208:9:f7bf69c2ace2350c0170362ea527a63c:9:8e4dcdc5eec2b5b050d6a094b5cb600f: as 66b6c959d8f8cd233178d15650b20fa2
2025-03-23T23:03:04.245+03:00 DEBUG 40692 --- [payment-billing-service] [main] liquibase.util                           : Computed checksum for createTable:[
    columns=[
        [
            [
                nullable="false"
                primaryKey="true"
            ]
            name="id"
            type="uuid"
        ],
        [
            [
                nullable="false"
            ]
            name="orderId"
            type="uuid"
        ],
        [
            [
                nullable="false"
            ]
            name="amount"
            type="numeric(10, 2)"
        ],
        [
            [
           ... [truncated in log] as 8478fc611abafd9a56788422f7ed8c98
2025-03-23T23:03:04.247+03:00 DEBUG 40692 --- [payment-billing-service] [main] liquibase.util                           : Computed checksum for createTable:[
    columns=[
        [
            [
                nullable="false"
                primaryKey="true"
            ]
            name="id"
            type="uuid"
        ],
        [
            [
                nullable="false"
            ]
            name="userId"
            type="uuid"
        ],
        [
            [
                nullable="false"
            ]
            name="paymentMethod"
            type="varchar(255)"
        ],
        [
            [
       ... [truncated in log] as bd6f521191b930a730d98cfb3626eecb
2025-03-23T23:03:04.249+03:00 DEBUG 40692 --- [payment-billing-service] [main] liquibase.util                           : Computed checksum for insert:[
    columns=[
        [
            name="id"
            valueComputed="uuid_generate_v4()"
        ],
        [
            name="orderId"
            valueComputed="uuid_generate_v4()"
        ],
        [
            name="amount"
            value="100.00"
        ],
        [
            name="status"
            value="PENDING"
        ]
    ]
    tableName="payments"
] as 4cd002129ed7cdb6d1f1b69c4884e7bc
2025-03-23T23:03:04.250+03:00 DEBUG 40692 --- [payment-billing-service] [main] liquibase.util                           : Computed checksum for insert:[
    columns=[
        [
            name="id"
            valueComputed="uuid_generate_v4()"
        ],
        [
            name="orderId"
            valueComputed="uuid_generate_v4()"
        ],
        [
            name="amount"
            value="200.00"
        ],
        [
            name="status"
            value="SUCCESS"
        ]
    ]
    tableName="payments"
] as c78110906508c3d9091264abf2ff1208
2025-03-23T23:03:04.251+03:00 DEBUG 40692 --- [payment-billing-service] [main] liquibase.util                           : Computed checksum for insert:[
    columns=[
        [
            name="id"
            valueComputed="uuid_generate_v4()"
        ],
        [
            name="userId"
            valueComputed="uuid_generate_v4()"
        ],
        [
            name="paymentMethod"
            value="CARD"
        ],
        [
            name="dueDate"
            value="2025-12-31T23:59:59"
        ]
    ]
    tableName="invoices"
] as f7bf69c2ace2350c0170362ea527a63c
2025-03-23T23:03:04.253+03:00 DEBUG 40692 --- [payment-billing-service] [main] liquibase.util                           : Computed checksum for insert:[
    columns=[
        [
            name="id"
            valueComputed="uuid_generate_v4()"
        ],
        [
            name="userId"
            valueComputed="uuid_generate_v4()"
        ],
        [
            name="paymentMethod"
            value="CASH"
        ],
        [
            name="dueDate"
            value="2025-11-30T23:59:59"
        ]
    ]
    tableName="invoices"
] as 8e4dcdc5eec2b5b050d6a094b5cb600f
2025-03-23T23:03:04.253+03:00 DEBUG 40692 --- [payment-billing-service] [main] liquibase.util                           : Computed checksum for 9:8478fc611abafd9a56788422f7ed8c98:9:bd6f521191b930a730d98cfb3626eecb:9:4cd002129ed7cdb6d1f1b69c4884e7bc:9:c78110906508c3d9091264abf2ff1208:9:f7bf69c2ace2350c0170362ea527a63c:9:8e4dcdc5eec2b5b050d6a094b5cb600f: as 66b6c959d8f8cd233178d15650b20fa2
2025-03-23T23:03:04.254+03:00  INFO 40692 --- [payment-billing-service] [main] liquibase.ui                             : Running Changeset: db/changelog/changeset-001.xml::1::firstTeam
2025-03-23T23:03:04.255+03:00 DEBUG 40692 --- [payment-billing-service] [main] liquibase.changelog                      : Running Changeset: db/changelog/changeset-001.xml::1::firstTeam
2025-03-23T23:03:04.255+03:00 DEBUG 40692 --- [payment-billing-service] [main] liquibase.executor                       : Changeset db/changelog/changeset-001.xml::1::firstTeam
2025-03-23T23:03:04.256+03:00 DEBUG 40692 --- [payment-billing-service] [main] liquibase.changelog                      : Reading ChangeSet: db/changelog/changeset-001.xml::1::firstTeam
2025-03-23T23:03:04.259+03:00 DEBUG 40692 --- [payment-billing-service] [main] liquibase.executor                       : Executing Statement: liquibase.statement.core.CreateTableStatement@4efed0e0
2025-03-23T23:03:04.260+03:00 DEBUG 40692 --- [payment-billing-service] [main] liquibase.executor                       : CREATE TABLE PUBLIC.payments (id UUID NOT NULL, orderId UUID NOT NULL, amount numeric(10, 2) NOT NULL, status VARCHAR(255) NOT NULL, CONSTRAINT PK_PAYMENTS PRIMARY KEY (id))
2025-03-23T23:03:04.262+03:00 DEBUG 40692 --- [payment-billing-service] [main] liquibase.executor                       : 0 row(s) affected
2025-03-23T23:03:04.263+03:00  INFO 40692 --- [payment-billing-service] [main] liquibase.changelog                      : Table payments created
2025-03-23T23:03:04.266+03:00 DEBUG 40692 --- [payment-billing-service] [main] liquibase.executor                       : Executing Statement: liquibase.statement.core.CreateTableStatement@3856d0cb
2025-03-23T23:03:04.267+03:00 DEBUG 40692 --- [payment-billing-service] [main] liquibase.executor                       : CREATE TABLE PUBLIC.invoices (id UUID NOT NULL, userId UUID NOT NULL, paymentMethod VARCHAR(255) NOT NULL, dueDate TIMESTAMP NOT NULL, CONSTRAINT PK_INVOICES PRIMARY KEY (id))
2025-03-23T23:03:04.268+03:00 DEBUG 40692 --- [payment-billing-service] [main] liquibase.executor                       : 0 row(s) affected
2025-03-23T23:03:04.268+03:00  INFO 40692 --- [payment-billing-service] [main] liquibase.changelog                      : Table invoices created
2025-03-23T23:03:04.270+03:00 DEBUG 40692 --- [payment-billing-service] [main] liquibase.executor                       : Executing Statement: liquibase.statement.core.InsertStatement@d190639
2025-03-23T23:03:04.270+03:00 DEBUG 40692 --- [payment-billing-service] [main] liquibase.executor                       : INSERT INTO PUBLIC.payments (id, orderId, amount, status) VALUES (uuid_generate_v4(), uuid_generate_v4(), '100.00', 'PENDING')
2025-03-23T23:03:04.271+03:00 ERROR 40692 --- [payment-billing-service] [main] liquibase.changelog                      : ChangeSet db/changelog/changeset-001.xml::1::firstTeam encountered an exception.

liquibase.exception.DatabaseException: Функция "UUID_GENERATE_V4" не найдена
Function "UUID_GENERATE_V4" not found; SQL statement:
INSERT INTO PUBLIC.payments (id, orderId, amount, status) VALUES (uuid_generate_v4(), uuid_generate_v4(), '100.00', 'PENDING') [90022-232] [Failed SQL: (90022) INSERT INTO PUBLIC.payments (id, orderId, amount, status) VALUES (uuid_generate_v4(), uuid_generate_v4(), '100.00', 'PENDING')]
	at liquibase.executor.jvm.JdbcExecutor$ExecuteStatementCallback.doInStatement(JdbcExecutor.java:497) ~[liquibase-core-4.29.2.jar:na]
	at liquibase.executor.jvm.JdbcExecutor.execute(JdbcExecutor.java:83) ~[liquibase-core-4.29.2.jar:na]
	at liquibase.executor.jvm.JdbcExecutor.execute(JdbcExecutor.java:185) ~[liquibase-core-4.29.2.jar:na]
	at liquibase.executor.AbstractExecutor.execute(AbstractExecutor.java:141) ~[liquibase-core-4.29.2.jar:na]
	at liquibase.database.AbstractJdbcDatabase.executeStatements(AbstractJdbcDatabase.java:1189) ~[liquibase-core-4.29.2.jar:na]
	at liquibase.changelog.ChangeSet.execute(ChangeSet.java:776) ~[liquibase-core-4.29.2.jar:na]
	at liquibase.changelog.visitor.UpdateVisitor.executeAcceptedChange(UpdateVisitor.java:126) ~[liquibase-core-4.29.2.jar:na]
	at liquibase.changelog.visitor.UpdateVisitor.visit(UpdateVisitor.java:70) ~[liquibase-core-4.29.2.jar:na]
	at liquibase.changelog.ChangeLogIterator.lambda$run$0(ChangeLogIterator.java:131) ~[liquibase-core-4.29.2.jar:na]
	at liquibase.Scope.lambda$child$0(Scope.java:191) ~[liquibase-core-4.29.2.jar:na]
	at liquibase.Scope.child(Scope.java:200) ~[liquibase-core-4.29.2.jar:na]
	at liquibase.Scope.child(Scope.java:190) ~[liquibase-core-4.29.2.jar:na]
	at liquibase.Scope.child(Scope.java:169) ~[liquibase-core-4.29.2.jar:na]
	at liquibase.changelog.ChangeLogIterator.lambda$run$1(ChangeLogIterator.java:120) ~[liquibase-core-4.29.2.jar:na]
	at liquibase.Scope.lambda$child$0(Scope.java:191) ~[liquibase-core-4.29.2.jar:na]
	at liquibase.Scope.child(Scope.java:200) ~[liquibase-core-4.29.2.jar:na]
	at liquibase.Scope.child(Scope.java:190) ~[liquibase-core-4.29.2.jar:na]
	at liquibase.Scope.child(Scope.java:169) ~[liquibase-core-4.29.2.jar:na]
	at liquibase.Scope.child(Scope.java:257) ~[liquibase-core-4.29.2.jar:na]
	at liquibase.Scope.child(Scope.java:261) ~[liquibase-core-4.29.2.jar:na]
	at liquibase.changelog.ChangeLogIterator.run(ChangeLogIterator.java:89) ~[liquibase-core-4.29.2.jar:na]
	at liquibase.command.core.AbstractUpdateCommandStep.lambda$run$0(AbstractUpdateCommandStep.java:114) ~[liquibase-core-4.29.2.jar:na]
	at liquibase.Scope.lambda$child$0(Scope.java:191) ~[liquibase-core-4.29.2.jar:na]
	at liquibase.Scope.child(Scope.java:200) ~[liquibase-core-4.29.2.jar:na]
	at liquibase.Scope.child(Scope.java:190) ~[liquibase-core-4.29.2.jar:na]
	at liquibase.Scope.child(Scope.java:169) ~[liquibase-core-4.29.2.jar:na]
	at liquibase.command.core.AbstractUpdateCommandStep.run(AbstractUpdateCommandStep.java:112) ~[liquibase-core-4.29.2.jar:na]
	at liquibase.command.core.UpdateCommandStep.run(UpdateCommandStep.java:105) ~[liquibase-core-4.29.2.jar:na]
	at liquibase.command.CommandScope.execute(CommandScope.java:220) ~[liquibase-core-4.29.2.jar:na]
	at liquibase.Liquibase.lambda$update$0(Liquibase.java:216) ~[liquibase-core-4.29.2.jar:na]
	at liquibase.Scope.lambda$child$0(Scope.java:191) ~[liquibase-core-4.29.2.jar:na]
	at liquibase.Scope.child(Scope.java:200) ~[liquibase-core-4.29.2.jar:na]
	at liquibase.Scope.child(Scope.java:190) ~[liquibase-core-4.29.2.jar:na]
	at liquibase.Scope.child(Scope.java:169) ~[liquibase-core-4.29.2.jar:na]
	at liquibase.Liquibase.runInScope(Liquibase.java:1329) ~[liquibase-core-4.29.2.jar:na]
	at liquibase.Liquibase.update(Liquibase.java:205) ~[liquibase-core-4.29.2.jar:na]
	at liquibase.Liquibase.update(Liquibase.java:188) ~[liquibase-core-4.29.2.jar:na]
	at liquibase.integration.spring.SpringLiquibase.performUpdate(SpringLiquibase.java:305) ~[liquibase-core-4.29.2.jar:na]
	at liquibase.integration.spring.SpringLiquibase.lambda$afterPropertiesSet$0(SpringLiquibase.java:257) ~[liquibase-core-4.29.2.jar:na]
	at liquibase.Scope.lambda$child$0(Scope.java:191) ~[liquibase-core-4.29.2.jar:na]
	at liquibase.Scope.child(Scope.java:200) ~[liquibase-core-4.29.2.jar:na]
	at liquibase.Scope.child(Scope.java:190) ~[liquibase-core-4.29.2.jar:na]
	at liquibase.Scope.child(Scope.java:169) ~[liquibase-core-4.29.2.jar:na]
	at liquibase.Scope.child(Scope.java:257) ~[liquibase-core-4.29.2.jar:na]
	at liquibase.integration.spring.SpringLiquibase.afterPropertiesSet(SpringLiquibase.java:250) ~[liquibase-core-4.29.2.jar:na]
	at org.springframework.beans.factory.support.AbstractAutowireCapableBeanFactory.invokeInitMethods(AbstractAutowireCapableBeanFactory.java:1859) ~[spring-beans-6.2.3.jar:6.2.3]
	at org.springframework.beans.factory.support.AbstractAutowireCapableBeanFactory.initializeBean(AbstractAutowireCapableBeanFactory.java:1808) ~[spring-beans-6.2.3.jar:6.2.3]
	at org.springframework.beans.factory.support.AbstractAutowireCapableBeanFactory.doCreateBean(AbstractAutowireCapableBeanFactory.java:601) ~[spring-beans-6.2.3.jar:6.2.3]
	at org.springframework.beans.factory.support.AbstractAutowireCapableBeanFactory.createBean(AbstractAutowireCapableBeanFactory.java:523) ~[spring-beans-6.2.3.jar:6.2.3]
	at org.springframework.beans.factory.support.AbstractBeanFactory.lambda$doGetBean$0(AbstractBeanFactory.java:339) ~[spring-beans-6.2.3.jar:6.2.3]
	at org.springframework.beans.factory.support.DefaultSingletonBeanRegistry.getSingleton(DefaultSingletonBeanRegistry.java:346) ~[spring-beans-6.2.3.jar:6.2.3]
	at org.springframework.beans.factory.support.AbstractBeanFactory.doGetBean(AbstractBeanFactory.java:337) ~[spring-beans-6.2.3.jar:6.2.3]
	at org.springframework.beans.factory.support.AbstractBeanFactory.getBean(AbstractBeanFactory.java:202) ~[spring-beans-6.2.3.jar:6.2.3]
	at org.springframework.beans.factory.support.AbstractBeanFactory.doGetBean(AbstractBeanFactory.java:315) ~[spring-beans-6.2.3.jar:6.2.3]
	at org.springframework.beans.factory.support.AbstractBeanFactory.getBean(AbstractBeanFactory.java:207) ~[spring-beans-6.2.3.jar:6.2.3]
	at org.springframework.context.support.AbstractApplicationContext.finishBeanFactoryInitialization(AbstractApplicationContext.java:970) ~[spring-context-6.2.3.jar:6.2.3]
	at org.springframework.context.support.AbstractApplicationContext.refresh(AbstractApplicationContext.java:627) ~[spring-context-6.2.3.jar:6.2.3]
	at org.springframework.boot.SpringApplication.refresh(SpringApplication.java:752) ~[spring-boot-3.4.3.jar:3.4.3]
	at org.springframework.boot.SpringApplication.refreshContext(SpringApplication.java:439) ~[spring-boot-3.4.3.jar:3.4.3]
	at org.springframework.boot.SpringApplication.run(SpringApplication.java:318) ~[spring-boot-3.4.3.jar:3.4.3]
	at org.springframework.boot.test.context.SpringBootContextLoader.lambda$loadContext$3(SpringBootContextLoader.java:137) ~[spring-boot-test-3.4.3.jar:3.4.3]
	at org.springframework.util.function.ThrowingSupplier.get(ThrowingSupplier.java:58) ~[spring-core-6.2.3.jar:6.2.3]
	at org.springframework.util.function.ThrowingSupplier.get(ThrowingSupplier.java:46) ~[spring-core-6.2.3.jar:6.2.3]
	at org.springframework.boot.SpringApplication.withHook(SpringApplication.java:1461) ~[spring-boot-3.4.3.jar:3.4.3]
	at org.springframework.boot.test.context.SpringBootContextLoader$ContextLoaderHook.run(SpringBootContextLoader.java:553) ~[spring-boot-test-3.4.3.jar:3.4.3]
	at org.springframework.boot.test.context.SpringBootContextLoader.loadContext(SpringBootContextLoader.java:137) ~[spring-boot-test-3.4.3.jar:3.4.3]
	at org.springframework.boot.test.context.SpringBootContextLoader.loadContext(SpringBootContextLoader.java:108) ~[spring-boot-test-3.4.3.jar:3.4.3]
	at org.springframework.test.context.cache.DefaultCacheAwareContextLoaderDelegate.loadContextInternal(DefaultCacheAwareContextLoaderDelegate.java:225) ~[spring-test-6.2.3.jar:6.2.3]
	at org.springframework.test.context.cache.DefaultCacheAwareContextLoaderDelegate.loadContext(DefaultCacheAwareContextLoaderDelegate.java:152) ~[spring-test-6.2.3.jar:6.2.3]
	at org.springframework.test.context.support.DefaultTestContext.getApplicationContext(DefaultTestContext.java:130) ~[spring-test-6.2.3.jar:6.2.3]
	at org.springframework.test.context.support.DependencyInjectionTestExecutionListener.injectDependencies(DependencyInjectionTestExecutionListener.java:155) ~[spring-test-6.2.3.jar:6.2.3]
	at org.springframework.test.context.support.DependencyInjectionTestExecutionListener.prepareTestInstance(DependencyInjectionTestExecutionListener.java:111) ~[spring-test-6.2.3.jar:6.2.3]
	at org.springframework.test.context.TestContextManager.prepareTestInstance(TestContextManager.java:260) ~[spring-test-6.2.3.jar:6.2.3]
	at org.springframework.test.context.junit.jupiter.SpringExtension.postProcessTestInstance(SpringExtension.java:160) ~[spring-test-6.2.3.jar:6.2.3]
	at org.junit.jupiter.engine.descriptor.ClassBasedTestDescriptor.lambda$invokeTestInstancePostProcessors$11(ClassBasedTestDescriptor.java:378) ~[junit-jupiter-engine-5.11.4.jar:5.11.4]
	at org.junit.jupiter.engine.descriptor.ClassBasedTestDescriptor.executeAndMaskThrowable(ClassBasedTestDescriptor.java:383) ~[junit-jupiter-engine-5.11.4.jar:5.11.4]
	at org.junit.jupiter.engine.descriptor.ClassBasedTestDescriptor.lambda$invokeTestInstancePostProcessors$12(ClassBasedTestDescriptor.java:378) ~[junit-jupiter-engine-5.11.4.jar:5.11.4]
	at java.base/java.util.stream.ForEachOps$ForEachOp$OfRef.accept(ForEachOps.java:183) ~[na:na]
	at java.base/java.util.stream.ReferencePipeline$3$1.accept(ReferencePipeline.java:197) ~[na:na]
	at java.base/java.util.stream.ReferencePipeline$2$1.accept(ReferencePipeline.java:179) ~[na:na]
	at java.base/java.util.stream.ReferencePipeline$3$1.accept(ReferencePipeline.java:197) ~[na:na]
	at java.base/java.util.ArrayList$ArrayListSpliterator.forEachRemaining(ArrayList.java:1625) ~[na:na]
	at java.base/java.util.stream.AbstractPipeline.copyInto(AbstractPipeline.java:509) ~[na:na]
	at java.base/java.util.stream.AbstractPipeline.wrapAndCopyInto(AbstractPipeline.java:499) ~[na:na]
	at java.base/java.util.stream.ForEachOps$ForEachOp.evaluateSequential(ForEachOps.java:150) ~[na:na]
	at java.base/java.util.stream.ForEachOps$ForEachOp$OfRef.evaluateSequential(ForEachOps.java:173) ~[na:na]
	at java.base/java.util.stream.AbstractPipeline.evaluate(AbstractPipeline.java:234) ~[na:na]
	at java.base/java.util.stream.ReferencePipeline.forEach(ReferencePipeline.java:596) ~[na:na]
	at org.junit.jupiter.engine.descriptor.ClassBasedTestDescriptor.invokeTestInstancePostProcessors(ClassBasedTestDescriptor.java:377) ~[junit-jupiter-engine-5.11.4.jar:5.11.4]
	at org.junit.jupiter.engine.descriptor.ClassBasedTestDescriptor.lambda$instantiateAndPostProcessTestInstance$7(ClassBasedTestDescriptor.java:290) ~[junit-jupiter-engine-5.11.4.jar:5.11.4]
	at org.junit.platform.engine.support.hierarchical.ThrowableCollector.execute(ThrowableCollector.java:73) ~[junit-platform-engine-1.11.4.jar:1.11.4]
	at org.junit.jupiter.engine.descriptor.ClassBasedTestDescriptor.instantiateAndPostProcessTestInstance(ClassBasedTestDescriptor.java:289) ~[junit-jupiter-engine-5.11.4.jar:5.11.4]
	at org.junit.jupiter.engine.descriptor.ClassBasedTestDescriptor.lambda$testInstancesProvider$5(ClassBasedTestDescriptor.java:279) ~[junit-jupiter-engine-5.11.4.jar:5.11.4]
	at java.base/java.util.Optional.orElseGet(Optional.java:364) ~[na:na]
	at org.junit.jupiter.engine.descriptor.ClassBasedTestDescriptor.lambda$testInstancesProvider$6(ClassBasedTestDescriptor.java:278) ~[junit-jupiter-engine-5.11.4.jar:5.11.4]
	at org.junit.jupiter.engine.execution.TestInstancesProvider.getTestInstances(TestInstancesProvider.java:31) ~[junit-jupiter-engine-5.11.4.jar:5.11.4]
	at org.junit.jupiter.engine.descriptor.TestMethodTestDescriptor.lambda$prepare$1(TestMethodTestDescriptor.java:105) ~[junit-jupiter-engine-5.11.4.jar:5.11.4]
	at org.junit.platform.engine.support.hierarchical.ThrowableCollector.execute(ThrowableCollector.java:73) ~[junit-platform-engine-1.11.4.jar:1.11.4]
	at org.junit.jupiter.engine.descriptor.TestMethodTestDescriptor.prepare(TestMethodTestDescriptor.java:104) ~[junit-jupiter-engine-5.11.4.jar:5.11.4]
	at org.junit.jupiter.engine.descriptor.TestMethodTestDescriptor.prepare(TestMethodTestDescriptor.java:68) ~[junit-jupiter-engine-5.11.4.jar:5.11.4]
	at org.junit.platform.engine.support.hierarchical.NodeTestTask.lambda$prepare$2(NodeTestTask.java:128) ~[junit-platform-engine-1.11.4.jar:1.11.4]
	at org.junit.platform.engine.support.hierarchical.ThrowableCollector.execute(ThrowableCollector.java:73) ~[junit-platform-engine-1.11.4.jar:1.11.4]
	at org.junit.platform.engine.support.hierarchical.NodeTestTask.prepare(NodeTestTask.java:128) ~[junit-platform-engine-1.11.4.jar:1.11.4]
	at org.junit.platform.engine.support.hierarchical.NodeTestTask.execute(NodeTestTask.java:95) ~[junit-platform-engine-1.11.4.jar:1.11.4]
	at java.base/java.util.ArrayList.forEach(ArrayList.java:1511) ~[na:na]
	at org.junit.platform.engine.support.hierarchical.SameThreadHierarchicalTestExecutorService.invokeAll(SameThreadHierarchicalTestExecutorService.java:41) ~[junit-platform-engine-1.11.4.jar:1.11.4]
	at org.junit.platform.engine.support.hierarchical.NodeTestTask.lambda$executeRecursively$6(NodeTestTask.java:160) ~[junit-platform-engine-1.11.4.jar:1.11.4]
	at org.junit.platform.engine.support.hierarchical.ThrowableCollector.execute(ThrowableCollector.java:73) ~[junit-platform-engine-1.11.4.jar:1.11.4]
	at org.junit.platform.engine.support.hierarchical.NodeTestTask.lambda$executeRecursively$8(NodeTestTask.java:146) ~[junit-platform-engine-1.11.4.jar:1.11.4]
	at org.junit.platform.engine.support.hierarchical.Node.around(Node.java:137) ~[junit-platform-engine-1.11.4.jar:1.11.4]
	at org.junit.platform.engine.support.hierarchical.NodeTestTask.lambda$executeRecursively$9(NodeTestTask.java:144) ~[junit-platform-engine-1.11.4.jar:1.11.4]
	at org.junit.platform.engine.support.hierarchical.ThrowableCollector.execute(ThrowableCollector.java:73) ~[junit-platform-engine-1.11.4.jar:1.11.4]
	at org.junit.platform.engine.support.hierarchical.NodeTestTask.executeRecursively(NodeTestTask.java:143) ~[junit-platform-engine-1.11.4.jar:1.11.4]
	at org.junit.platform.engine.support.hierarchical.NodeTestTask.execute(NodeTestTask.java:100) ~[junit-platform-engine-1.11.4.jar:1.11.4]
	at java.base/java.util.ArrayList.forEach(ArrayList.java:1511) ~[na:na]
	at org.junit.platform.engine.support.hierarchical.SameThreadHierarchicalTestExecutorService.invokeAll(SameThreadHierarchicalTestExecutorService.java:41) ~[junit-platform-engine-1.11.4.jar:1.11.4]
	at org.junit.platform.engine.support.hierarchical.NodeTestTask.lambda$executeRecursively$6(NodeTestTask.java:160) ~[junit-platform-engine-1.11.4.jar:1.11.4]
	at org.junit.platform.engine.support.hierarchical.ThrowableCollector.execute(ThrowableCollector.java:73) ~[junit-platform-engine-1.11.4.jar:1.11.4]
	at org.junit.platform.engine.support.hierarchical.NodeTestTask.lambda$executeRecursively$8(NodeTestTask.java:146) ~[junit-platform-engine-1.11.4.jar:1.11.4]
	at org.junit.platform.engine.support.hierarchical.Node.around(Node.java:137) ~[junit-platform-engine-1.11.4.jar:1.11.4]
	at org.junit.platform.engine.support.hierarchical.NodeTestTask.lambda$executeRecursively$9(NodeTestTask.java:144) ~[junit-platform-engine-1.11.4.jar:1.11.4]
	at org.junit.platform.engine.support.hierarchical.ThrowableCollector.execute(ThrowableCollector.java:73) ~[junit-platform-engine-1.11.4.jar:1.11.4]
	at org.junit.platform.engine.support.hierarchical.NodeTestTask.executeRecursively(NodeTestTask.java:143) ~[junit-platform-engine-1.11.4.jar:1.11.4]
	at org.junit.platform.engine.support.hierarchical.NodeTestTask.execute(NodeTestTask.java:100) ~[junit-platform-engine-1.11.4.jar:1.11.4]
	at org.junit.platform.engine.support.hierarchical.SameThreadHierarchicalTestExecutorService.submit(SameThreadHierarchicalTestExecutorService.java:35) ~[junit-platform-engine-1.11.4.jar:1.11.4]
	at org.junit.platform.engine.support.hierarchical.HierarchicalTestExecutor.execute(HierarchicalTestExecutor.java:57) ~[junit-platform-engine-1.11.4.jar:1.11.4]
	at org.junit.platform.engine.support.hierarchical.HierarchicalTestEngine.execute(HierarchicalTestEngine.java:54) ~[junit-platform-engine-1.11.4.jar:1.11.4]
	at org.junit.platform.launcher.core.EngineExecutionOrchestrator.execute(EngineExecutionOrchestrator.java:198) ~[junit-platform-launcher-1.11.4.jar:1.11.4]
	at org.junit.platform.launcher.core.EngineExecutionOrchestrator.execute(EngineExecutionOrchestrator.java:169) ~[junit-platform-launcher-1.11.4.jar:1.11.4]
	at org.junit.platform.launcher.core.EngineExecutionOrchestrator.execute(EngineExecutionOrchestrator.java:93) ~[junit-platform-launcher-1.11.4.jar:1.11.4]
	at org.junit.platform.launcher.core.EngineExecutionOrchestrator.lambda$execute$0(EngineExecutionOrchestrator.java:58) ~[junit-platform-launcher-1.11.4.jar:1.11.4]
	at org.junit.platform.launcher.core.EngineExecutionOrchestrator.withInterceptedStreams(EngineExecutionOrchestrator.java:141) ~[junit-platform-launcher-1.11.4.jar:1.11.4]
	at org.junit.platform.launcher.core.EngineExecutionOrchestrator.execute(EngineExecutionOrchestrator.java:57) ~[junit-platform-launcher-1.11.4.jar:1.11.4]
	at org.junit.platform.launcher.core.DefaultLauncher.execute(DefaultLauncher.java:103) ~[junit-platform-launcher-1.11.4.jar:1.11.4]
	at org.junit.platform.launcher.core.DefaultLauncher.execute(DefaultLauncher.java:85) ~[junit-platform-launcher-1.11.4.jar:1.11.4]
	at org.junit.platform.launcher.core.DelegatingLauncher.execute(DelegatingLauncher.java:47) ~[junit-platform-launcher-1.11.4.jar:1.11.4]
	at org.apache.maven.surefire.junitplatform.LazyLauncher.execute(LazyLauncher.java:56) ~[surefire-junit-platform-3.5.2.jar:3.5.2]
	at org.apache.maven.surefire.junitplatform.JUnitPlatformProvider.execute(JUnitPlatformProvider.java:184) ~[surefire-junit-platform-3.5.2.jar:3.5.2]
	at org.apache.maven.surefire.junitplatform.JUnitPlatformProvider.invokeAllTests(JUnitPlatformProvider.java:148) ~[surefire-junit-platform-3.5.2.jar:3.5.2]
	at org.apache.maven.surefire.junitplatform.JUnitPlatformProvider.invoke(JUnitPlatformProvider.java:122) ~[surefire-junit-platform-3.5.2.jar:3.5.2]
	at org.apache.maven.surefire.booter.ForkedBooter.runSuitesInProcess(ForkedBooter.java:385) ~[surefire-booter-3.5.2.jar:3.5.2]
	at org.apache.maven.surefire.booter.ForkedBooter.execute(ForkedBooter.java:162) ~[surefire-booter-3.5.2.jar:3.5.2]
	at org.apache.maven.surefire.booter.ForkedBooter.run(ForkedBooter.java:507) ~[surefire-booter-3.5.2.jar:3.5.2]
	at org.apache.maven.surefire.booter.ForkedBooter.main(ForkedBooter.java:495) ~[surefire-booter-3.5.2.jar:3.5.2]
Caused by: org.h2.jdbc.JdbcSQLSyntaxErrorException: Функция "UUID_GENERATE_V4" не найдена
Function "UUID_GENERATE_V4" not found; SQL statement:
INSERT INTO PUBLIC.payments (id, orderId, amount, status) VALUES (uuid_generate_v4(), uuid_generate_v4(), '100.00', 'PENDING') [90022-232]
	at org.h2.message.DbException.getJdbcSQLException(DbException.java:644) ~[h2-2.3.232.jar:2.3.232]
	at org.h2.message.DbException.getJdbcSQLException(DbException.java:489) ~[h2-2.3.232.jar:2.3.232]
	at org.h2.message.DbException.get(DbException.java:223) ~[h2-2.3.232.jar:2.3.232]
	at org.h2.message.DbException.get(DbException.java:199) ~[h2-2.3.232.jar:2.3.232]
	at org.h2.command.Parser.readFunction(Parser.java:3772) ~[h2-2.3.232.jar:2.3.232]
	at org.h2.command.Parser.readTermWithIdentifier(Parser.java:5142) ~[h2-2.3.232.jar:2.3.232]
	at org.h2.command.Parser.readTerm(Parser.java:4828) ~[h2-2.3.232.jar:2.3.232]
	at org.h2.command.Parser.readFactor(Parser.java:3323) ~[h2-2.3.232.jar:2.3.232]
	at org.h2.command.Parser.readSum(Parser.java:3310) ~[h2-2.3.232.jar:2.3.232]
	at org.h2.command.Parser.readConcat(Parser.java:3275) ~[h2-2.3.232.jar:2.3.232]
	at org.h2.command.Parser.readCondition(Parser.java:3065) ~[h2-2.3.232.jar:2.3.232]
	at org.h2.command.Parser.readExpression(Parser.java:2985) ~[h2-2.3.232.jar:2.3.232]
	at org.h2.command.Parser.readExpressionOrDefault(Parser.java:2971) ~[h2-2.3.232.jar:2.3.232]
	at org.h2.command.Parser.parseValuesForCommand(Parser.java:1685) ~[h2-2.3.232.jar:2.3.232]
	at org.h2.command.Parser.parseInsert(Parser.java:1550) ~[h2-2.3.232.jar:2.3.232]
	at org.h2.command.Parser.parsePrepared(Parser.java:698) ~[h2-2.3.232.jar:2.3.232]
	at org.h2.command.Parser.parse(Parser.java:581) ~[h2-2.3.232.jar:2.3.232]
	at org.h2.command.Parser.parse(Parser.java:556) ~[h2-2.3.232.jar:2.3.232]
	at org.h2.command.Parser.prepareCommand(Parser.java:484) ~[h2-2.3.232.jar:2.3.232]
	at org.h2.engine.SessionLocal.prepareLocal(SessionLocal.java:645) ~[h2-2.3.232.jar:2.3.232]
	at org.h2.engine.SessionLocal.prepareCommand(SessionLocal.java:561) ~[h2-2.3.232.jar:2.3.232]
	at org.h2.jdbc.JdbcConnection.prepareCommand(JdbcConnection.java:1164) ~[h2-2.3.232.jar:2.3.232]
	at org.h2.jdbc.JdbcStatement.executeInternal(JdbcStatement.java:245) ~[h2-2.3.232.jar:2.3.232]
	at org.h2.jdbc.JdbcStatement.execute(JdbcStatement.java:231) ~[h2-2.3.232.jar:2.3.232]
	at liquibase.executor.jvm.JdbcExecutor$ExecuteStatementCallback.doInStatement(JdbcExecutor.java:491) ~[liquibase-core-4.29.2.jar:na]
	... 143 common frames omitted

2025-03-23T23:03:04.291+03:00 DEBUG 40692 --- [payment-billing-service] [main] liquibase.servicelocator                 : Loaded liquibase.report.ShowSummaryGenerator instance liquibase.report.StandardShowSummaryGenerator
2025-03-23T23:03:04.295+03:00  INFO 40692 --- [payment-billing-service] [main] liquibase.util                           : UPDATE SUMMARY
2025-03-23T23:03:04.295+03:00  INFO 40692 --- [payment-billing-service] [main] liquibase.util                           : Run:                          0
2025-03-23T23:03:04.295+03:00  INFO 40692 --- [payment-billing-service] [main] liquibase.util                           : Previously run:               0
2025-03-23T23:03:04.295+03:00  INFO 40692 --- [payment-billing-service] [main] liquibase.util                           : Filtered out:                 0
2025-03-23T23:03:04.295+03:00  INFO 40692 --- [payment-billing-service] [main] liquibase.util                           : -------------------------------
2025-03-23T23:03:04.295+03:00  INFO 40692 --- [payment-billing-service] [main] liquibase.util                           : Total change sets:            1
2025-03-23T23:03:04.296+03:00  INFO 40692 --- [payment-billing-service] [main] liquibase.util                           : Update summary generated
2025-03-23T23:03:04.298+03:00  INFO 40692 --- [payment-billing-service] [main] liquibase.command                        : Update command encountered an exception.
2025-03-23T23:03:04.299+03:00 DEBUG 40692 --- [payment-billing-service] [main] liquibase.executor                       : Release Database Lock
2025-03-23T23:03:04.300+03:00 DEBUG 40692 --- [payment-billing-service] [main] liquibase.executor                       : Changelog query completed.
2025-03-23T23:03:04.301+03:00  INFO 40692 --- [payment-billing-service] [main] liquibase.lockservice                    : Successfully released change log lock
2025-03-23T23:03:04.304+03:00  INFO 40692 --- [payment-billing-service] [main] liquibase.command                        : Logging exception.
2025-03-23T23:03:04.304+03:00  INFO 40692 --- [payment-billing-service] [main] liquibase.ui                             : ERROR: Exception Details
2025-03-23T23:03:04.304+03:00  INFO 40692 --- [payment-billing-service] [main] liquibase.ui                             : ERROR: Exception Primary Class:  JdbcSQLSyntaxErrorException
2025-03-23T23:03:04.304+03:00  INFO 40692 --- [payment-billing-service] [main] liquibase.ui                             : ERROR: Exception Primary Reason:  Функция "UUID_GENERATE_V4" не найдена
Function "UUID_GENERATE_V4" not found; SQL statement:
INSERT INTO PUBLIC.payments (id, orderId, amount, status) VALUES (uuid_generate_v4(), uuid_generate_v4(), '100.00', 'PENDING') [90022-232]
2025-03-23T23:03:04.305+03:00  INFO 40692 --- [payment-billing-service] [main] liquibase.ui                             : ERROR: Exception Primary Source:  H2 2.3.232 (2024-08-11)
2025-03-23T23:03:04.305+03:00  INFO 40692 --- [payment-billing-service] [main] liquibase.command                        : Command execution complete
2025-03-23T23:03:04.309+03:00  WARN 40692 --- [payment-billing-service] [main] s.c.a.AnnotationConfigApplicationContext : Exception encountered during context initialization - cancelling refresh attempt: org.springframework.beans.factory.BeanCreationException: Error creating bean with name 'entityManagerFactory' defined in class path resource [org/springframework/boot/autoconfigure/orm/jpa/HibernateJpaConfiguration.class]: Failed to initialize dependency 'liquibase' of LoadTimeWeaverAware bean 'entityManagerFactory': Error creating bean with name 'liquibase' defined in class path resource [org/springframework/boot/autoconfigure/liquibase/LiquibaseAutoConfiguration$LiquibaseConfiguration.class]: liquibase.exception.CommandExecutionException: liquibase.exception.LiquibaseException: liquibase.exception.MigrationFailedException: Migration failed for changeset db/changelog/changeset-001.xml::1::firstTeam:
     Reason: liquibase.exception.DatabaseException: Функция "UUID_GENERATE_V4" не найдена
Function "UUID_GENERATE_V4" not found; SQL statement:
INSERT INTO PUBLIC.payments (id, orderId, amount, status) VALUES (uuid_generate_v4(), uuid_generate_v4(), '100.00', 'PENDING') [90022-232] [Failed SQL: (90022) INSERT INTO PUBLIC.payments (id, orderId, amount, status) VALUES (uuid_generate_v4(), uuid_generate_v4(), '100.00', 'PENDING')]
2025-03-23T23:03:04.323+03:00  INFO 40692 --- [payment-billing-service] [main] .s.b.a.l.ConditionEvaluationReportLogger : 

Error starting ApplicationContext. To display the condition evaluation report re-run your application with 'debug' enabled.
2025-03-23T23:03:04.350+03:00 ERROR 40692 --- [payment-billing-service] [main] o.s.boot.SpringApplication               : Application run failed

org.springframework.beans.factory.BeanCreationException: Error creating bean with name 'entityManagerFactory' defined in class path resource [org/springframework/boot/autoconfigure/orm/jpa/HibernateJpaConfiguration.class]: Failed to initialize dependency 'liquibase' of LoadTimeWeaverAware bean 'entityManagerFactory': Error creating bean with name 'liquibase' defined in class path resource [org/springframework/boot/autoconfigure/liquibase/LiquibaseAutoConfiguration$LiquibaseConfiguration.class]: liquibase.exception.CommandExecutionException: liquibase.exception.LiquibaseException: liquibase.exception.MigrationFailedException: Migration failed for changeset db/changelog/changeset-001.xml::1::firstTeam:
     Reason: liquibase.exception.DatabaseException: Функция "UUID_GENERATE_V4" не найдена
Function "UUID_GENERATE_V4" not found; SQL statement:
INSERT INTO PUBLIC.payments (id, orderId, amount, status) VALUES (uuid_generate_v4(), uuid_generate_v4(), '100.00', 'PENDING') [90022-232] [Failed SQL: (90022) INSERT INTO PUBLIC.payments (id, orderId, amount, status) VALUES (uuid_generate_v4(), uuid_generate_v4(), '100.00', 'PENDING')]
	at org.springframework.beans.factory.support.AbstractBeanFactory.doGetBean(AbstractBeanFactory.java:328) ~[spring-beans-6.2.3.jar:6.2.3]
	at org.springframework.beans.factory.support.AbstractBeanFactory.getBean(AbstractBeanFactory.java:207) ~[spring-beans-6.2.3.jar:6.2.3]
	at org.springframework.context.support.AbstractApplicationContext.finishBeanFactoryInitialization(AbstractApplicationContext.java:970) ~[spring-context-6.2.3.jar:6.2.3]
	at org.springframework.context.support.AbstractApplicationContext.refresh(AbstractApplicationContext.java:627) ~[spring-context-6.2.3.jar:6.2.3]
	at org.springframework.boot.SpringApplication.refresh(SpringApplication.java:752) ~[spring-boot-3.4.3.jar:3.4.3]
	at org.springframework.boot.SpringApplication.refreshContext(SpringApplication.java:439) ~[spring-boot-3.4.3.jar:3.4.3]
	at org.springframework.boot.SpringApplication.run(SpringApplication.java:318) ~[spring-boot-3.4.3.jar:3.4.3]
	at org.springframework.boot.test.context.SpringBootContextLoader.lambda$loadContext$3(SpringBootContextLoader.java:137) ~[spring-boot-test-3.4.3.jar:3.4.3]
	at org.springframework.util.function.ThrowingSupplier.get(ThrowingSupplier.java:58) ~[spring-core-6.2.3.jar:6.2.3]
	at org.springframework.util.function.ThrowingSupplier.get(ThrowingSupplier.java:46) ~[spring-core-6.2.3.jar:6.2.3]
	at org.springframework.boot.SpringApplication.withHook(SpringApplication.java:1461) ~[spring-boot-3.4.3.jar:3.4.3]
	at org.springframework.boot.test.context.SpringBootContextLoader$ContextLoaderHook.run(SpringBootContextLoader.java:553) ~[spring-boot-test-3.4.3.jar:3.4.3]
	at org.springframework.boot.test.context.SpringBootContextLoader.loadContext(SpringBootContextLoader.java:137) ~[spring-boot-test-3.4.3.jar:3.4.3]
	at org.springframework.boot.test.context.SpringBootContextLoader.loadContext(SpringBootContextLoader.java:108) ~[spring-boot-test-3.4.3.jar:3.4.3]
	at org.springframework.test.context.cache.DefaultCacheAwareContextLoaderDelegate.loadContextInternal(DefaultCacheAwareContextLoaderDelegate.java:225) ~[spring-test-6.2.3.jar:6.2.3]
	at org.springframework.test.context.cache.DefaultCacheAwareContextLoaderDelegate.loadContext(DefaultCacheAwareContextLoaderDelegate.java:152) ~[spring-test-6.2.3.jar:6.2.3]
	at org.springframework.test.context.support.DefaultTestContext.getApplicationContext(DefaultTestContext.java:130) ~[spring-test-6.2.3.jar:6.2.3]
	at org.springframework.test.context.support.DependencyInjectionTestExecutionListener.injectDependencies(DependencyInjectionTestExecutionListener.java:155) ~[spring-test-6.2.3.jar:6.2.3]
	at org.springframework.test.context.support.DependencyInjectionTestExecutionListener.prepareTestInstance(DependencyInjectionTestExecutionListener.java:111) ~[spring-test-6.2.3.jar:6.2.3]
	at org.springframework.test.context.TestContextManager.prepareTestInstance(TestContextManager.java:260) ~[spring-test-6.2.3.jar:6.2.3]
	at org.springframework.test.context.junit.jupiter.SpringExtension.postProcessTestInstance(SpringExtension.java:160) ~[spring-test-6.2.3.jar:6.2.3]
	at org.junit.jupiter.engine.descriptor.ClassBasedTestDescriptor.lambda$invokeTestInstancePostProcessors$11(ClassBasedTestDescriptor.java:378) ~[junit-jupiter-engine-5.11.4.jar:5.11.4]
	at org.junit.jupiter.engine.descriptor.ClassBasedTestDescriptor.executeAndMaskThrowable(ClassBasedTestDescriptor.java:383) ~[junit-jupiter-engine-5.11.4.jar:5.11.4]
	at org.junit.jupiter.engine.descriptor.ClassBasedTestDescriptor.lambda$invokeTestInstancePostProcessors$12(ClassBasedTestDescriptor.java:378) ~[junit-jupiter-engine-5.11.4.jar:5.11.4]
	at java.base/java.util.stream.ForEachOps$ForEachOp$OfRef.accept(ForEachOps.java:183) ~[na:na]
	at java.base/java.util.stream.ReferencePipeline$3$1.accept(ReferencePipeline.java:197) ~[na:na]
	at java.base/java.util.stream.ReferencePipeline$2$1.accept(ReferencePipeline.java:179) ~[na:na]
	at java.base/java.util.stream.ReferencePipeline$3$1.accept(ReferencePipeline.java:197) ~[na:na]
	at java.base/java.util.ArrayList$ArrayListSpliterator.forEachRemaining(ArrayList.java:1625) ~[na:na]
	at java.base/java.util.stream.AbstractPipeline.copyInto(AbstractPipeline.java:509) ~[na:na]
	at java.base/java.util.stream.AbstractPipeline.wrapAndCopyInto(AbstractPipeline.java:499) ~[na:na]
	at java.base/java.util.stream.ForEachOps$ForEachOp.evaluateSequential(ForEachOps.java:150) ~[na:na]
	at java.base/java.util.stream.ForEachOps$ForEachOp$OfRef.evaluateSequential(ForEachOps.java:173) ~[na:na]
	at java.base/java.util.stream.AbstractPipeline.evaluate(AbstractPipeline.java:234) ~[na:na]
	at java.base/java.util.stream.ReferencePipeline.forEach(ReferencePipeline.java:596) ~[na:na]
	at org.junit.jupiter.engine.descriptor.ClassBasedTestDescriptor.invokeTestInstancePostProcessors(ClassBasedTestDescriptor.java:377) ~[junit-jupiter-engine-5.11.4.jar:5.11.4]
	at org.junit.jupiter.engine.descriptor.ClassBasedTestDescriptor.lambda$instantiateAndPostProcessTestInstance$7(ClassBasedTestDescriptor.java:290) ~[junit-jupiter-engine-5.11.4.jar:5.11.4]
	at org.junit.platform.engine.support.hierarchical.ThrowableCollector.execute(ThrowableCollector.java:73) ~[junit-platform-engine-1.11.4.jar:1.11.4]
	at org.junit.jupiter.engine.descriptor.ClassBasedTestDescriptor.instantiateAndPostProcessTestInstance(ClassBasedTestDescriptor.java:289) ~[junit-jupiter-engine-5.11.4.jar:5.11.4]
	at org.junit.jupiter.engine.descriptor.ClassBasedTestDescriptor.lambda$testInstancesProvider$5(ClassBasedTestDescriptor.java:279) ~[junit-jupiter-engine-5.11.4.jar:5.11.4]
	at java.base/java.util.Optional.orElseGet(Optional.java:364) ~[na:na]
	at org.junit.jupiter.engine.descriptor.ClassBasedTestDescriptor.lambda$testInstancesProvider$6(ClassBasedTestDescriptor.java:278) ~[junit-jupiter-engine-5.11.4.jar:5.11.4]
	at org.junit.jupiter.engine.execution.TestInstancesProvider.getTestInstances(TestInstancesProvider.java:31) ~[junit-jupiter-engine-5.11.4.jar:5.11.4]
	at org.junit.jupiter.engine.descriptor.TestMethodTestDescriptor.lambda$prepare$1(TestMethodTestDescriptor.java:105) ~[junit-jupiter-engine-5.11.4.jar:5.11.4]
	at org.junit.platform.engine.support.hierarchical.ThrowableCollector.execute(ThrowableCollector.java:73) ~[junit-platform-engine-1.11.4.jar:1.11.4]
	at org.junit.jupiter.engine.descriptor.TestMethodTestDescriptor.prepare(TestMethodTestDescriptor.java:104) ~[junit-jupiter-engine-5.11.4.jar:5.11.4]
	at org.junit.jupiter.engine.descriptor.TestMethodTestDescriptor.prepare(TestMethodTestDescriptor.java:68) ~[junit-jupiter-engine-5.11.4.jar:5.11.4]
	at org.junit.platform.engine.support.hierarchical.NodeTestTask.lambda$prepare$2(NodeTestTask.java:128) ~[junit-platform-engine-1.11.4.jar:1.11.4]
	at org.junit.platform.engine.support.hierarchical.ThrowableCollector.execute(ThrowableCollector.java:73) ~[junit-platform-engine-1.11.4.jar:1.11.4]
	at org.junit.platform.engine.support.hierarchical.NodeTestTask.prepare(NodeTestTask.java:128) ~[junit-platform-engine-1.11.4.jar:1.11.4]
	at org.junit.platform.engine.support.hierarchical.NodeTestTask.execute(NodeTestTask.java:95) ~[junit-platform-engine-1.11.4.jar:1.11.4]
	at java.base/java.util.ArrayList.forEach(ArrayList.java:1511) ~[na:na]
	at org.junit.platform.engine.support.hierarchical.SameThreadHierarchicalTestExecutorService.invokeAll(SameThreadHierarchicalTestExecutorService.java:41) ~[junit-platform-engine-1.11.4.jar:1.11.4]
	at org.junit.platform.engine.support.hierarchical.NodeTestTask.lambda$executeRecursively$6(NodeTestTask.java:160) ~[junit-platform-engine-1.11.4.jar:1.11.4]
	at org.junit.platform.engine.support.hierarchical.ThrowableCollector.execute(ThrowableCollector.java:73) ~[junit-platform-engine-1.11.4.jar:1.11.4]
	at org.junit.platform.engine.support.hierarchical.NodeTestTask.lambda$executeRecursively$8(NodeTestTask.java:146) ~[junit-platform-engine-1.11.4.jar:1.11.4]
	at org.junit.platform.engine.support.hierarchical.Node.around(Node.java:137) ~[junit-platform-engine-1.11.4.jar:1.11.4]
	at org.junit.platform.engine.support.hierarchical.NodeTestTask.lambda$executeRecursively$9(NodeTestTask.java:144) ~[junit-platform-engine-1.11.4.jar:1.11.4]
	at org.junit.platform.engine.support.hierarchical.ThrowableCollector.execute(ThrowableCollector.java:73) ~[junit-platform-engine-1.11.4.jar:1.11.4]
	at org.junit.platform.engine.support.hierarchical.NodeTestTask.executeRecursively(NodeTestTask.java:143) ~[junit-platform-engine-1.11.4.jar:1.11.4]
	at org.junit.platform.engine.support.hierarchical.NodeTestTask.execute(NodeTestTask.java:100) ~[junit-platform-engine-1.11.4.jar:1.11.4]
	at java.base/java.util.ArrayList.forEach(ArrayList.java:1511) ~[na:na]
	at org.junit.platform.engine.support.hierarchical.SameThreadHierarchicalTestExecutorService.invokeAll(SameThreadHierarchicalTestExecutorService.java:41) ~[junit-platform-engine-1.11.4.jar:1.11.4]
	at org.junit.platform.engine.support.hierarchical.NodeTestTask.lambda$executeRecursively$6(NodeTestTask.java:160) ~[junit-platform-engine-1.11.4.jar:1.11.4]
	at org.junit.platform.engine.support.hierarchical.ThrowableCollector.execute(ThrowableCollector.java:73) ~[junit-platform-engine-1.11.4.jar:1.11.4]
	at org.junit.platform.engine.support.hierarchical.NodeTestTask.lambda$executeRecursively$8(NodeTestTask.java:146) ~[junit-platform-engine-1.11.4.jar:1.11.4]
	at org.junit.platform.engine.support.hierarchical.Node.around(Node.java:137) ~[junit-platform-engine-1.11.4.jar:1.11.4]
	at org.junit.platform.engine.support.hierarchical.NodeTestTask.lambda$executeRecursively$9(NodeTestTask.java:144) ~[junit-platform-engine-1.11.4.jar:1.11.4]
	at org.junit.platform.engine.support.hierarchical.ThrowableCollector.execute(ThrowableCollector.java:73) ~[junit-platform-engine-1.11.4.jar:1.11.4]
	at org.junit.platform.engine.support.hierarchical.NodeTestTask.executeRecursively(NodeTestTask.java:143) ~[junit-platform-engine-1.11.4.jar:1.11.4]
	at org.junit.platform.engine.support.hierarchical.NodeTestTask.execute(NodeTestTask.java:100) ~[junit-platform-engine-1.11.4.jar:1.11.4]
	at org.junit.platform.engine.support.hierarchical.SameThreadHierarchicalTestExecutorService.submit(SameThreadHierarchicalTestExecutorService.java:35) ~[junit-platform-engine-1.11.4.jar:1.11.4]
	at org.junit.platform.engine.support.hierarchical.HierarchicalTestExecutor.execute(HierarchicalTestExecutor.java:57) ~[junit-platform-engine-1.11.4.jar:1.11.4]
	at org.junit.platform.engine.support.hierarchical.HierarchicalTestEngine.execute(HierarchicalTestEngine.java:54) ~[junit-platform-engine-1.11.4.jar:1.11.4]
	at org.junit.platform.launcher.core.EngineExecutionOrchestrator.execute(EngineExecutionOrchestrator.java:198) ~[junit-platform-launcher-1.11.4.jar:1.11.4]
	at org.junit.platform.launcher.core.EngineExecutionOrchestrator.execute(EngineExecutionOrchestrator.java:169) ~[junit-platform-launcher-1.11.4.jar:1.11.4]
	at org.junit.platform.launcher.core.EngineExecutionOrchestrator.execute(EngineExecutionOrchestrator.java:93) ~[junit-platform-launcher-1.11.4.jar:1.11.4]
	at org.junit.platform.launcher.core.EngineExecutionOrchestrator.lambda$execute$0(EngineExecutionOrchestrator.java:58) ~[junit-platform-launcher-1.11.4.jar:1.11.4]
	at org.junit.platform.launcher.core.EngineExecutionOrchestrator.withInterceptedStreams(EngineExecutionOrchestrator.java:141) ~[junit-platform-launcher-1.11.4.jar:1.11.4]
	at org.junit.platform.launcher.core.EngineExecutionOrchestrator.execute(EngineExecutionOrchestrator.java:57) ~[junit-platform-launcher-1.11.4.jar:1.11.4]
	at org.junit.platform.launcher.core.DefaultLauncher.execute(DefaultLauncher.java:103) ~[junit-platform-launcher-1.11.4.jar:1.11.4]
	at org.junit.platform.launcher.core.DefaultLauncher.execute(DefaultLauncher.java:85) ~[junit-platform-launcher-1.11.4.jar:1.11.4]
	at org.junit.platform.launcher.core.DelegatingLauncher.execute(DelegatingLauncher.java:47) ~[junit-platform-launcher-1.11.4.jar:1.11.4]
	at org.apache.maven.surefire.junitplatform.LazyLauncher.execute(LazyLauncher.java:56) ~[surefire-junit-platform-3.5.2.jar:3.5.2]
	at org.apache.maven.surefire.junitplatform.JUnitPlatformProvider.execute(JUnitPlatformProvider.java:184) ~[surefire-junit-platform-3.5.2.jar:3.5.2]
	at org.apache.maven.surefire.junitplatform.JUnitPlatformProvider.invokeAllTests(JUnitPlatformProvider.java:148) ~[surefire-junit-platform-3.5.2.jar:3.5.2]
	at org.apache.maven.surefire.junitplatform.JUnitPlatformProvider.invoke(JUnitPlatformProvider.java:122) ~[surefire-junit-platform-3.5.2.jar:3.5.2]
	at org.apache.maven.surefire.booter.ForkedBooter.runSuitesInProcess(ForkedBooter.java:385) ~[surefire-booter-3.5.2.jar:3.5.2]
	at org.apache.maven.surefire.booter.ForkedBooter.execute(ForkedBooter.java:162) ~[surefire-booter-3.5.2.jar:3.5.2]
	at org.apache.maven.surefire.booter.ForkedBooter.run(ForkedBooter.java:507) ~[surefire-booter-3.5.2.jar:3.5.2]
	at org.apache.maven.surefire.booter.ForkedBooter.main(ForkedBooter.java:495) ~[surefire-booter-3.5.2.jar:3.5.2]
Caused by: org.springframework.beans.factory.BeanCreationException: Error creating bean with name 'liquibase' defined in class path resource [org/springframework/boot/autoconfigure/liquibase/LiquibaseAutoConfiguration$LiquibaseConfiguration.class]: liquibase.exception.CommandExecutionException: liquibase.exception.LiquibaseException: liquibase.exception.MigrationFailedException: Migration failed for changeset db/changelog/changeset-001.xml::1::firstTeam:
     Reason: liquibase.exception.DatabaseException: Функция "UUID_GENERATE_V4" не найдена
Function "UUID_GENERATE_V4" not found; SQL statement:
INSERT INTO PUBLIC.payments (id, orderId, amount, status) VALUES (uuid_generate_v4(), uuid_generate_v4(), '100.00', 'PENDING') [90022-232] [Failed SQL: (90022) INSERT INTO PUBLIC.payments (id, orderId, amount, status) VALUES (uuid_generate_v4(), uuid_generate_v4(), '100.00', 'PENDING')]
	at org.springframework.beans.factory.support.AbstractAutowireCapableBeanFactory.initializeBean(AbstractAutowireCapableBeanFactory.java:1812) ~[spring-beans-6.2.3.jar:6.2.3]
	at org.springframework.beans.factory.support.AbstractAutowireCapableBeanFactory.doCreateBean(AbstractAutowireCapableBeanFactory.java:601) ~[spring-beans-6.2.3.jar:6.2.3]
	at org.springframework.beans.factory.support.AbstractAutowireCapableBeanFactory.createBean(AbstractAutowireCapableBeanFactory.java:523) ~[spring-beans-6.2.3.jar:6.2.3]
	at org.springframework.beans.factory.support.AbstractBeanFactory.lambda$doGetBean$0(AbstractBeanFactory.java:339) ~[spring-beans-6.2.3.jar:6.2.3]
	at org.springframework.beans.factory.support.DefaultSingletonBeanRegistry.getSingleton(DefaultSingletonBeanRegistry.java:346) ~[spring-beans-6.2.3.jar:6.2.3]
	at org.springframework.beans.factory.support.AbstractBeanFactory.doGetBean(AbstractBeanFactory.java:337) ~[spring-beans-6.2.3.jar:6.2.3]
	at org.springframework.beans.factory.support.AbstractBeanFactory.getBean(AbstractBeanFactory.java:202) ~[spring-beans-6.2.3.jar:6.2.3]
	at org.springframework.beans.factory.support.AbstractBeanFactory.doGetBean(AbstractBeanFactory.java:315) ~[spring-beans-6.2.3.jar:6.2.3]
	... 90 common frames omitted
Caused by: liquibase.exception.UnexpectedLiquibaseException: liquibase.exception.CommandExecutionException: liquibase.exception.LiquibaseException: liquibase.exception.MigrationFailedException: Migration failed for changeset db/changelog/changeset-001.xml::1::firstTeam:
     Reason: liquibase.exception.DatabaseException: Функция "UUID_GENERATE_V4" не найдена
Function "UUID_GENERATE_V4" not found; SQL statement:
INSERT INTO PUBLIC.payments (id, orderId, amount, status) VALUES (uuid_generate_v4(), uuid_generate_v4(), '100.00', 'PENDING') [90022-232] [Failed SQL: (90022) INSERT INTO PUBLIC.payments (id, orderId, amount, status) VALUES (uuid_generate_v4(), uuid_generate_v4(), '100.00', 'PENDING')]
	at liquibase.integration.spring.SpringLiquibase.afterPropertiesSet(SpringLiquibase.java:267) ~[liquibase-core-4.29.2.jar:na]
	at org.springframework.beans.factory.support.AbstractAutowireCapableBeanFactory.invokeInitMethods(AbstractAutowireCapableBeanFactory.java:1859) ~[spring-beans-6.2.3.jar:6.2.3]
	at org.springframework.beans.factory.support.AbstractAutowireCapableBeanFactory.initializeBean(AbstractAutowireCapableBeanFactory.java:1808) ~[spring-beans-6.2.3.jar:6.2.3]
	... 97 common frames omitted
Caused by: liquibase.exception.CommandExecutionException: liquibase.exception.LiquibaseException: liquibase.exception.MigrationFailedException: Migration failed for changeset db/changelog/changeset-001.xml::1::firstTeam:
     Reason: liquibase.exception.DatabaseException: Функция "UUID_GENERATE_V4" не найдена
Function "UUID_GENERATE_V4" not found; SQL statement:
INSERT INTO PUBLIC.payments (id, orderId, amount, status) VALUES (uuid_generate_v4(), uuid_generate_v4(), '100.00', 'PENDING') [90022-232] [Failed SQL: (90022) INSERT INTO PUBLIC.payments (id, orderId, amount, status) VALUES (uuid_generate_v4(), uuid_generate_v4(), '100.00', 'PENDING')]
	at liquibase.command.CommandScope.execute(CommandScope.java:258) ~[liquibase-core-4.29.2.jar:na]
	at liquibase.Liquibase.lambda$update$0(Liquibase.java:216) ~[liquibase-core-4.29.2.jar:na]
	at liquibase.Scope.lambda$child$0(Scope.java:191) ~[liquibase-core-4.29.2.jar:na]
	at liquibase.Scope.child(Scope.java:200) ~[liquibase-core-4.29.2.jar:na]
	at liquibase.Scope.child(Scope.java:190) ~[liquibase-core-4.29.2.jar:na]
	at liquibase.Scope.child(Scope.java:169) ~[liquibase-core-4.29.2.jar:na]
	at liquibase.Liquibase.runInScope(Liquibase.java:1329) ~[liquibase-core-4.29.2.jar:na]
	at liquibase.Liquibase.update(Liquibase.java:205) ~[liquibase-core-4.29.2.jar:na]
	at liquibase.Liquibase.update(Liquibase.java:188) ~[liquibase-core-4.29.2.jar:na]
	at liquibase.integration.spring.SpringLiquibase.performUpdate(SpringLiquibase.java:305) ~[liquibase-core-4.29.2.jar:na]
	at liquibase.integration.spring.SpringLiquibase.lambda$afterPropertiesSet$0(SpringLiquibase.java:257) ~[liquibase-core-4.29.2.jar:na]
	at liquibase.Scope.lambda$child$0(Scope.java:191) ~[liquibase-core-4.29.2.jar:na]
	at liquibase.Scope.child(Scope.java:200) ~[liquibase-core-4.29.2.jar:na]
	at liquibase.Scope.child(Scope.java:190) ~[liquibase-core-4.29.2.jar:na]
	at liquibase.Scope.child(Scope.java:169) ~[liquibase-core-4.29.2.jar:na]
	at liquibase.Scope.child(Scope.java:257) ~[liquibase-core-4.29.2.jar:na]
	at liquibase.integration.spring.SpringLiquibase.afterPropertiesSet(SpringLiquibase.java:250) ~[liquibase-core-4.29.2.jar:na]
	... 99 common frames omitted
Caused by: liquibase.exception.LiquibaseException: liquibase.exception.MigrationFailedException: Migration failed for changeset db/changelog/changeset-001.xml::1::firstTeam:
     Reason: liquibase.exception.DatabaseException: Функция "UUID_GENERATE_V4" не найдена
Function "UUID_GENERATE_V4" not found; SQL statement:
INSERT INTO PUBLIC.payments (id, orderId, amount, status) VALUES (uuid_generate_v4(), uuid_generate_v4(), '100.00', 'PENDING') [90022-232] [Failed SQL: (90022) INSERT INTO PUBLIC.payments (id, orderId, amount, status) VALUES (uuid_generate_v4(), uuid_generate_v4(), '100.00', 'PENDING')]
	at liquibase.changelog.ChangeLogIterator.run(ChangeLogIterator.java:148) ~[liquibase-core-4.29.2.jar:na]
	at liquibase.command.core.AbstractUpdateCommandStep.lambda$run$0(AbstractUpdateCommandStep.java:114) ~[liquibase-core-4.29.2.jar:na]
	at liquibase.Scope.lambda$child$0(Scope.java:191) ~[liquibase-core-4.29.2.jar:na]
	at liquibase.Scope.child(Scope.java:200) ~[liquibase-core-4.29.2.jar:na]
	at liquibase.Scope.child(Scope.java:190) ~[liquibase-core-4.29.2.jar:na]
	at liquibase.Scope.child(Scope.java:169) ~[liquibase-core-4.29.2.jar:na]
	at liquibase.command.core.AbstractUpdateCommandStep.run(AbstractUpdateCommandStep.java:112) ~[liquibase-core-4.29.2.jar:na]
	at liquibase.command.core.UpdateCommandStep.run(UpdateCommandStep.java:105) ~[liquibase-core-4.29.2.jar:na]
	at liquibase.command.CommandScope.execute(CommandScope.java:220) ~[liquibase-core-4.29.2.jar:na]
	... 115 common frames omitted
Caused by: liquibase.exception.MigrationFailedException: Migration failed for changeset db/changelog/changeset-001.xml::1::firstTeam:
     Reason: liquibase.exception.DatabaseException: Функция "UUID_GENERATE_V4" не найдена
Function "UUID_GENERATE_V4" not found; SQL statement:
INSERT INTO PUBLIC.payments (id, orderId, amount, status) VALUES (uuid_generate_v4(), uuid_generate_v4(), '100.00', 'PENDING') [90022-232] [Failed SQL: (90022) INSERT INTO PUBLIC.payments (id, orderId, amount, status) VALUES (uuid_generate_v4(), uuid_generate_v4(), '100.00', 'PENDING')]
	at liquibase.changelog.ChangeSet.execute(ChangeSet.java:820) ~[liquibase-core-4.29.2.jar:na]
	at liquibase.changelog.visitor.UpdateVisitor.executeAcceptedChange(UpdateVisitor.java:126) ~[liquibase-core-4.29.2.jar:na]
	at liquibase.changelog.visitor.UpdateVisitor.visit(UpdateVisitor.java:70) ~[liquibase-core-4.29.2.jar:na]
	at liquibase.changelog.ChangeLogIterator.lambda$run$0(ChangeLogIterator.java:131) ~[liquibase-core-4.29.2.jar:na]
	at liquibase.Scope.lambda$child$0(Scope.java:191) ~[liquibase-core-4.29.2.jar:na]
	at liquibase.Scope.child(Scope.java:200) ~[liquibase-core-4.29.2.jar:na]
	at liquibase.Scope.child(Scope.java:190) ~[liquibase-core-4.29.2.jar:na]
	at liquibase.Scope.child(Scope.java:169) ~[liquibase-core-4.29.2.jar:na]
	at liquibase.changelog.ChangeLogIterator.lambda$run$1(ChangeLogIterator.java:120) ~[liquibase-core-4.29.2.jar:na]
	at liquibase.Scope.lambda$child$0(Scope.java:191) ~[liquibase-core-4.29.2.jar:na]
	at liquibase.Scope.child(Scope.java:200) ~[liquibase-core-4.29.2.jar:na]
	at liquibase.Scope.child(Scope.java:190) ~[liquibase-core-4.29.2.jar:na]
	at liquibase.Scope.child(Scope.java:169) ~[liquibase-core-4.29.2.jar:na]
	at liquibase.Scope.child(Scope.java:257) ~[liquibase-core-4.29.2.jar:na]
	at liquibase.Scope.child(Scope.java:261) ~[liquibase-core-4.29.2.jar:na]
	at liquibase.changelog.ChangeLogIterator.run(ChangeLogIterator.java:89) ~[liquibase-core-4.29.2.jar:na]
	... 123 common frames omitted
Caused by: liquibase.exception.DatabaseException: Функция "UUID_GENERATE_V4" не найдена
Function "UUID_GENERATE_V4" not found; SQL statement:
INSERT INTO PUBLIC.payments (id, orderId, amount, status) VALUES (uuid_generate_v4(), uuid_generate_v4(), '100.00', 'PENDING') [90022-232] [Failed SQL: (90022) INSERT INTO PUBLIC.payments (id, orderId, amount, status) VALUES (uuid_generate_v4(), uuid_generate_v4(), '100.00', 'PENDING')]
	at liquibase.executor.jvm.JdbcExecutor$ExecuteStatementCallback.doInStatement(JdbcExecutor.java:497) ~[liquibase-core-4.29.2.jar:na]
	at liquibase.executor.jvm.JdbcExecutor.execute(JdbcExecutor.java:83) ~[liquibase-core-4.29.2.jar:na]
	at liquibase.executor.jvm.JdbcExecutor.execute(JdbcExecutor.java:185) ~[liquibase-core-4.29.2.jar:na]
	at liquibase.executor.AbstractExecutor.execute(AbstractExecutor.java:141) ~[liquibase-core-4.29.2.jar:na]
	at liquibase.database.AbstractJdbcDatabase.executeStatements(AbstractJdbcDatabase.java:1189) ~[liquibase-core-4.29.2.jar:na]
	at liquibase.changelog.ChangeSet.execute(ChangeSet.java:776) ~[liquibase-core-4.29.2.jar:na]
	... 138 common frames omitted
Caused by: org.h2.jdbc.JdbcSQLSyntaxErrorException: Функция "UUID_GENERATE_V4" не найдена
Function "UUID_GENERATE_V4" not found; SQL statement:
INSERT INTO PUBLIC.payments (id, orderId, amount, status) VALUES (uuid_generate_v4(), uuid_generate_v4(), '100.00', 'PENDING') [90022-232]
	at org.h2.message.DbException.getJdbcSQLException(DbException.java:644) ~[h2-2.3.232.jar:2.3.232]
	at org.h2.message.DbException.getJdbcSQLException(DbException.java:489) ~[h2-2.3.232.jar:2.3.232]
	at org.h2.message.DbException.get(DbException.java:223) ~[h2-2.3.232.jar:2.3.232]
	at org.h2.message.DbException.get(DbException.java:199) ~[h2-2.3.232.jar:2.3.232]
	at org.h2.command.Parser.readFunction(Parser.java:3772) ~[h2-2.3.232.jar:2.3.232]
	at org.h2.command.Parser.readTermWithIdentifier(Parser.java:5142) ~[h2-2.3.232.jar:2.3.232]
	at org.h2.command.Parser.readTerm(Parser.java:4828) ~[h2-2.3.232.jar:2.3.232]
	at org.h2.command.Parser.readFactor(Parser.java:3323) ~[h2-2.3.232.jar:2.3.232]
	at org.h2.command.Parser.readSum(Parser.java:3310) ~[h2-2.3.232.jar:2.3.232]
	at org.h2.command.Parser.readConcat(Parser.java:3275) ~[h2-2.3.232.jar:2.3.232]
	at org.h2.command.Parser.readCondition(Parser.java:3065) ~[h2-2.3.232.jar:2.3.232]
	at org.h2.command.Parser.readExpression(Parser.java:2985) ~[h2-2.3.232.jar:2.3.232]
	at org.h2.command.Parser.readExpressionOrDefault(Parser.java:2971) ~[h2-2.3.232.jar:2.3.232]
	at org.h2.command.Parser.parseValuesForCommand(Parser.java:1685) ~[h2-2.3.232.jar:2.3.232]
	at org.h2.command.Parser.parseInsert(Parser.java:1550) ~[h2-2.3.232.jar:2.3.232]
	at org.h2.command.Parser.parsePrepared(Parser.java:698) ~[h2-2.3.232.jar:2.3.232]
	at org.h2.command.Parser.parse(Parser.java:581) ~[h2-2.3.232.jar:2.3.232]
	at org.h2.command.Parser.parse(Parser.java:556) ~[h2-2.3.232.jar:2.3.232]
	at org.h2.command.Parser.prepareCommand(Parser.java:484) ~[h2-2.3.232.jar:2.3.232]
	at org.h2.engine.SessionLocal.prepareLocal(SessionLocal.java:645) ~[h2-2.3.232.jar:2.3.232]
	at org.h2.engine.SessionLocal.prepareCommand(SessionLocal.java:561) ~[h2-2.3.232.jar:2.3.232]
	at org.h2.jdbc.JdbcConnection.prepareCommand(JdbcConnection.java:1164) ~[h2-2.3.232.jar:2.3.232]
	at org.h2.jdbc.JdbcStatement.executeInternal(JdbcStatement.java:245) ~[h2-2.3.232.jar:2.3.232]
	at org.h2.jdbc.JdbcStatement.execute(JdbcStatement.java:231) ~[h2-2.3.232.jar:2.3.232]
	at liquibase.executor.jvm.JdbcExecutor$ExecuteStatementCallback.doInStatement(JdbcExecutor.java:491) ~[liquibase-core-4.29.2.jar:na]
	... 143 common frames omitted

2025-03-23T23:03:04.367+03:00  WARN 40692 --- [payment-billing-service] [main] o.s.test.context.TestContextManager      : Caught exception while allowing TestExecutionListener [org.springframework.test.context.support.DependencyInjectionTestExecutionListener] to prepare test instance [com.aston.paymentbillingservice.repository.InvoiceRepositoryTest@437c1a87]

java.lang.IllegalStateException: Failed to load ApplicationContext for [MergedContextConfiguration@559c4e06 testClass = com.aston.paymentbillingservice.repository.InvoiceRepositoryTest, locations = [], classes = [com.aston.paymentbillingservice.PaymentBillingServiceApplication], contextInitializerClasses = [], activeProfiles = ["test"], propertySourceDescriptors = [], propertySourceProperties = ["org.springframework.boot.test.autoconfigure.orm.jpa.DataJpaTestContextBootstrapper=true"], contextCustomizers = [[ImportsContextCustomizer@111cbcda key = [org.springframework.boot.autoconfigure.transaction.TransactionAutoConfiguration, org.springframework.boot.autoconfigure.data.jpa.JpaRepositoriesAutoConfiguration, org.springframework.boot.test.autoconfigure.orm.jpa.TestEntityManagerAutoConfiguration, org.springframework.boot.autoconfigure.cache.CacheAutoConfiguration, org.springframework.boot.autoconfigure.orm.jpa.HibernateJpaAutoConfiguration, org.springframework.boot.autoconfigure.sql.init.SqlInitializationAutoConfiguration, org.springframework.boot.test.autoconfigure.jdbc.TestDatabaseAutoConfiguration, org.springframework.boot.autoconfigure.flyway.FlywayAutoConfiguration, org.springframework.boot.autoconfigure.jdbc.DataSourceTransactionManagerAutoConfiguration, org.springframework.boot.autoconfigure.liquibase.LiquibaseAutoConfiguration, org.springframework.boot.autoconfigure.jdbc.JdbcClientAutoConfiguration, org.springframework.boot.autoconfigure.jdbc.DataSourceAutoConfiguration, org.springframework.boot.autoconfigure.jdbc.JdbcTemplateAutoConfiguration]], org.springframework.boot.test.context.filter.ExcludeFilterContextCustomizer@7159a5cd, org.springframework.boot.test.json.DuplicateJsonObjectContextCustomizerFactory$DuplicateJsonObjectContextCustomizer@4ca8dbfa, org.springframework.boot.test.mock.mockito.MockitoContextCustomizer@0, org.springframework.boot.test.web.reactor.netty.DisableReactorResourceFactoryGlobalResourcesContextCustomizerFactory$DisableReactorResourceFactoryGlobalResourcesContextCustomizerCustomizer@36b310aa, org.springframework.boot.test.autoconfigure.OnFailureConditionReportContextCustomizerFactory$OnFailureConditionReportContextCustomizer@5d7835a8, org.springframework.boot.test.autoconfigure.OverrideAutoConfigurationContextCustomizerFactory$DisableAutoConfigurationContextCustomizer@6940f685, org.springframework.boot.test.autoconfigure.actuate.observability.ObservabilityContextCustomizerFactory$DisableObservabilityContextCustomizer@1f, org.springframework.boot.test.autoconfigure.filter.TypeExcludeFiltersContextCustomizer@34be3d80, org.springframework.boot.test.autoconfigure.properties.PropertyMappingContextCustomizer@e3f01b0a, org.springframework.boot.test.autoconfigure.web.servlet.WebDriverContextCustomizer@7026b7ee, org.springframework.test.context.support.DynamicPropertiesContextCustomizer@0, org.springframework.boot.test.context.SpringBootTestAnnotation@ce303da1], contextLoader = org.springframework.boot.test.context.SpringBootContextLoader, parent = null]
	at org.springframework.test.context.cache.DefaultCacheAwareContextLoaderDelegate.loadContext(DefaultCacheAwareContextLoaderDelegate.java:180) ~[spring-test-6.2.3.jar:6.2.3]
	at org.springframework.test.context.support.DefaultTestContext.getApplicationContext(DefaultTestContext.java:130) ~[spring-test-6.2.3.jar:6.2.3]
	at org.springframework.test.context.support.DependencyInjectionTestExecutionListener.injectDependencies(DependencyInjectionTestExecutionListener.java:155) ~[spring-test-6.2.3.jar:6.2.3]
	at org.springframework.test.context.support.DependencyInjectionTestExecutionListener.prepareTestInstance(DependencyInjectionTestExecutionListener.java:111) ~[spring-test-6.2.3.jar:6.2.3]
	at org.springframework.test.context.TestContextManager.prepareTestInstance(TestContextManager.java:260) ~[spring-test-6.2.3.jar:6.2.3]
	at org.springframework.test.context.junit.jupiter.SpringExtension.postProcessTestInstance(SpringExtension.java:160) ~[spring-test-6.2.3.jar:6.2.3]
	at org.junit.jupiter.engine.descriptor.ClassBasedTestDescriptor.lambda$invokeTestInstancePostProcessors$11(ClassBasedTestDescriptor.java:378) ~[junit-jupiter-engine-5.11.4.jar:5.11.4]
	at org.junit.jupiter.engine.descriptor.ClassBasedTestDescriptor.executeAndMaskThrowable(ClassBasedTestDescriptor.java:383) ~[junit-jupiter-engine-5.11.4.jar:5.11.4]
	at org.junit.jupiter.engine.descriptor.ClassBasedTestDescriptor.lambda$invokeTestInstancePostProcessors$12(ClassBasedTestDescriptor.java:378) ~[junit-jupiter-engine-5.11.4.jar:5.11.4]
	at java.base/java.util.stream.ForEachOps$ForEachOp$OfRef.accept(ForEachOps.java:183) ~[na:na]
	at java.base/java.util.stream.ReferencePipeline$3$1.accept(ReferencePipeline.java:197) ~[na:na]
	at java.base/java.util.stream.ReferencePipeline$2$1.accept(ReferencePipeline.java:179) ~[na:na]
	at java.base/java.util.stream.ReferencePipeline$3$1.accept(ReferencePipeline.java:197) ~[na:na]
	at java.base/java.util.ArrayList$ArrayListSpliterator.forEachRemaining(ArrayList.java:1625) ~[na:na]
	at java.base/java.util.stream.AbstractPipeline.copyInto(AbstractPipeline.java:509) ~[na:na]
	at java.base/java.util.stream.AbstractPipeline.wrapAndCopyInto(AbstractPipeline.java:499) ~[na:na]
	at java.base/java.util.stream.ForEachOps$ForEachOp.evaluateSequential(ForEachOps.java:150) ~[na:na]
	at java.base/java.util.stream.ForEachOps$ForEachOp$OfRef.evaluateSequential(ForEachOps.java:173) ~[na:na]
	at java.base/java.util.stream.AbstractPipeline.evaluate(AbstractPipeline.java:234) ~[na:na]
	at java.base/java.util.stream.ReferencePipeline.forEach(ReferencePipeline.java:596) ~[na:na]
	at org.junit.jupiter.engine.descriptor.ClassBasedTestDescriptor.invokeTestInstancePostProcessors(ClassBasedTestDescriptor.java:377) ~[junit-jupiter-engine-5.11.4.jar:5.11.4]
	at org.junit.jupiter.engine.descriptor.ClassBasedTestDescriptor.lambda$instantiateAndPostProcessTestInstance$7(ClassBasedTestDescriptor.java:290) ~[junit-jupiter-engine-5.11.4.jar:5.11.4]
	at org.junit.platform.engine.support.hierarchical.ThrowableCollector.execute(ThrowableCollector.java:73) ~[junit-platform-engine-1.11.4.jar:1.11.4]
	at org.junit.jupiter.engine.descriptor.ClassBasedTestDescriptor.instantiateAndPostProcessTestInstance(ClassBasedTestDescriptor.java:289) ~[junit-jupiter-engine-5.11.4.jar:5.11.4]
	at org.junit.jupiter.engine.descriptor.ClassBasedTestDescriptor.lambda$testInstancesProvider$5(ClassBasedTestDescriptor.java:279) ~[junit-jupiter-engine-5.11.4.jar:5.11.4]
	at java.base/java.util.Optional.orElseGet(Optional.java:364) ~[na:na]
	at org.junit.jupiter.engine.descriptor.ClassBasedTestDescriptor.lambda$testInstancesProvider$6(ClassBasedTestDescriptor.java:278) ~[junit-jupiter-engine-5.11.4.jar:5.11.4]
	at org.junit.jupiter.engine.execution.TestInstancesProvider.getTestInstances(TestInstancesProvider.java:31) ~[junit-jupiter-engine-5.11.4.jar:5.11.4]
	at org.junit.jupiter.engine.descriptor.TestMethodTestDescriptor.lambda$prepare$1(TestMethodTestDescriptor.java:105) ~[junit-jupiter-engine-5.11.4.jar:5.11.4]
	at org.junit.platform.engine.support.hierarchical.ThrowableCollector.execute(ThrowableCollector.java:73) ~[junit-platform-engine-1.11.4.jar:1.11.4]
	at org.junit.jupiter.engine.descriptor.TestMethodTestDescriptor.prepare(TestMethodTestDescriptor.java:104) ~[junit-jupiter-engine-5.11.4.jar:5.11.4]
	at org.junit.jupiter.engine.descriptor.TestMethodTestDescriptor.prepare(TestMethodTestDescriptor.java:68) ~[junit-jupiter-engine-5.11.4.jar:5.11.4]
	at org.junit.platform.engine.support.hierarchical.NodeTestTask.lambda$prepare$2(NodeTestTask.java:128) ~[junit-platform-engine-1.11.4.jar:1.11.4]
	at org.junit.platform.engine.support.hierarchical.ThrowableCollector.execute(ThrowableCollector.java:73) ~[junit-platform-engine-1.11.4.jar:1.11.4]
	at org.junit.platform.engine.support.hierarchical.NodeTestTask.prepare(NodeTestTask.java:128) ~[junit-platform-engine-1.11.4.jar:1.11.4]
	at org.junit.platform.engine.support.hierarchical.NodeTestTask.execute(NodeTestTask.java:95) ~[junit-platform-engine-1.11.4.jar:1.11.4]
	at java.base/java.util.ArrayList.forEach(ArrayList.java:1511) ~[na:na]
	at org.junit.platform.engine.support.hierarchical.SameThreadHierarchicalTestExecutorService.invokeAll(SameThreadHierarchicalTestExecutorService.java:41) ~[junit-platform-engine-1.11.4.jar:1.11.4]
	at org.junit.platform.engine.support.hierarchical.NodeTestTask.lambda$executeRecursively$6(NodeTestTask.java:160) ~[junit-platform-engine-1.11.4.jar:1.11.4]
	at org.junit.platform.engine.support.hierarchical.ThrowableCollector.execute(ThrowableCollector.java:73) ~[junit-platform-engine-1.11.4.jar:1.11.4]
	at org.junit.platform.engine.support.hierarchical.NodeTestTask.lambda$executeRecursively$8(NodeTestTask.java:146) ~[junit-platform-engine-1.11.4.jar:1.11.4]
	at org.junit.platform.engine.support.hierarchical.Node.around(Node.java:137) ~[junit-platform-engine-1.11.4.jar:1.11.4]
	at org.junit.platform.engine.support.hierarchical.NodeTestTask.lambda$executeRecursively$9(NodeTestTask.java:144) ~[junit-platform-engine-1.11.4.jar:1.11.4]
	at org.junit.platform.engine.support.hierarchical.ThrowableCollector.execute(ThrowableCollector.java:73) ~[junit-platform-engine-1.11.4.jar:1.11.4]
	at org.junit.platform.engine.support.hierarchical.NodeTestTask.executeRecursively(NodeTestTask.java:143) ~[junit-platform-engine-1.11.4.jar:1.11.4]
	at org.junit.platform.engine.support.hierarchical.NodeTestTask.execute(NodeTestTask.java:100) ~[junit-platform-engine-1.11.4.jar:1.11.4]
	at java.base/java.util.ArrayList.forEach(ArrayList.java:1511) ~[na:na]
	at org.junit.platform.engine.support.hierarchical.SameThreadHierarchicalTestExecutorService.invokeAll(SameThreadHierarchicalTestExecutorService.java:41) ~[junit-platform-engine-1.11.4.jar:1.11.4]
	at org.junit.platform.engine.support.hierarchical.NodeTestTask.lambda$executeRecursively$6(NodeTestTask.java:160) ~[junit-platform-engine-1.11.4.jar:1.11.4]
	at org.junit.platform.engine.support.hierarchical.ThrowableCollector.execute(ThrowableCollector.java:73) ~[junit-platform-engine-1.11.4.jar:1.11.4]
	at org.junit.platform.engine.support.hierarchical.NodeTestTask.lambda$executeRecursively$8(NodeTestTask.java:146) ~[junit-platform-engine-1.11.4.jar:1.11.4]
	at org.junit.platform.engine.support.hierarchical.Node.around(Node.java:137) ~[junit-platform-engine-1.11.4.jar:1.11.4]
	at org.junit.platform.engine.support.hierarchical.NodeTestTask.lambda$executeRecursively$9(NodeTestTask.java:144) ~[junit-platform-engine-1.11.4.jar:1.11.4]
	at org.junit.platform.engine.support.hierarchical.ThrowableCollector.execute(ThrowableCollector.java:73) ~[junit-platform-engine-1.11.4.jar:1.11.4]
	at org.junit.platform.engine.support.hierarchical.NodeTestTask.executeRecursively(NodeTestTask.java:143) ~[junit-platform-engine-1.11.4.jar:1.11.4]
	at org.junit.platform.engine.support.hierarchical.NodeTestTask.execute(NodeTestTask.java:100) ~[junit-platform-engine-1.11.4.jar:1.11.4]
	at org.junit.platform.engine.support.hierarchical.SameThreadHierarchicalTestExecutorService.submit(SameThreadHierarchicalTestExecutorService.java:35) ~[junit-platform-engine-1.11.4.jar:1.11.4]
	at org.junit.platform.engine.support.hierarchical.HierarchicalTestExecutor.execute(HierarchicalTestExecutor.java:57) ~[junit-platform-engine-1.11.4.jar:1.11.4]
	at org.junit.platform.engine.support.hierarchical.HierarchicalTestEngine.execute(HierarchicalTestEngine.java:54) ~[junit-platform-engine-1.11.4.jar:1.11.4]
	at org.junit.platform.launcher.core.EngineExecutionOrchestrator.execute(EngineExecutionOrchestrator.java:198) ~[junit-platform-launcher-1.11.4.jar:1.11.4]
	at org.junit.platform.launcher.core.EngineExecutionOrchestrator.execute(EngineExecutionOrchestrator.java:169) ~[junit-platform-launcher-1.11.4.jar:1.11.4]
	at org.junit.platform.launcher.core.EngineExecutionOrchestrator.execute(EngineExecutionOrchestrator.java:93) ~[junit-platform-launcher-1.11.4.jar:1.11.4]
	at org.junit.platform.launcher.core.EngineExecutionOrchestrator.lambda$execute$0(EngineExecutionOrchestrator.java:58) ~[junit-platform-launcher-1.11.4.jar:1.11.4]
	at org.junit.platform.launcher.core.EngineExecutionOrchestrator.withInterceptedStreams(EngineExecutionOrchestrator.java:141) ~[junit-platform-launcher-1.11.4.jar:1.11.4]
	at org.junit.platform.launcher.core.EngineExecutionOrchestrator.execute(EngineExecutionOrchestrator.java:57) ~[junit-platform-launcher-1.11.4.jar:1.11.4]
	at org.junit.platform.launcher.core.DefaultLauncher.execute(DefaultLauncher.java:103) ~[junit-platform-launcher-1.11.4.jar:1.11.4]
	at org.junit.platform.launcher.core.DefaultLauncher.execute(DefaultLauncher.java:85) ~[junit-platform-launcher-1.11.4.jar:1.11.4]
	at org.junit.platform.launcher.core.DelegatingLauncher.execute(DelegatingLauncher.java:47) ~[junit-platform-launcher-1.11.4.jar:1.11.4]
	at org.apache.maven.surefire.junitplatform.LazyLauncher.execute(LazyLauncher.java:56) ~[surefire-junit-platform-3.5.2.jar:3.5.2]
	at org.apache.maven.surefire.junitplatform.JUnitPlatformProvider.execute(JUnitPlatformProvider.java:184) ~[surefire-junit-platform-3.5.2.jar:3.5.2]
	at org.apache.maven.surefire.junitplatform.JUnitPlatformProvider.invokeAllTests(JUnitPlatformProvider.java:148) ~[surefire-junit-platform-3.5.2.jar:3.5.2]
	at org.apache.maven.surefire.junitplatform.JUnitPlatformProvider.invoke(JUnitPlatformProvider.java:122) ~[surefire-junit-platform-3.5.2.jar:3.5.2]
	at org.apache.maven.surefire.booter.ForkedBooter.runSuitesInProcess(ForkedBooter.java:385) ~[surefire-booter-3.5.2.jar:3.5.2]
	at org.apache.maven.surefire.booter.ForkedBooter.execute(ForkedBooter.java:162) ~[surefire-booter-3.5.2.jar:3.5.2]
	at org.apache.maven.surefire.booter.ForkedBooter.run(ForkedBooter.java:507) ~[surefire-booter-3.5.2.jar:3.5.2]
	at org.apache.maven.surefire.booter.ForkedBooter.main(ForkedBooter.java:495) ~[surefire-booter-3.5.2.jar:3.5.2]
Caused by: org.springframework.beans.factory.BeanCreationException: Error creating bean with name 'entityManagerFactory' defined in class path resource [org/springframework/boot/autoconfigure/orm/jpa/HibernateJpaConfiguration.class]: Failed to initialize dependency 'liquibase' of LoadTimeWeaverAware bean 'entityManagerFactory': Error creating bean with name 'liquibase' defined in class path resource [org/springframework/boot/autoconfigure/liquibase/LiquibaseAutoConfiguration$LiquibaseConfiguration.class]: liquibase.exception.CommandExecutionException: liquibase.exception.LiquibaseException: liquibase.exception.MigrationFailedException: Migration failed for changeset db/changelog/changeset-001.xml::1::firstTeam:
     Reason: liquibase.exception.DatabaseException: Функция "UUID_GENERATE_V4" не найдена
Function "UUID_GENERATE_V4" not found; SQL statement:
INSERT INTO PUBLIC.payments (id, orderId, amount, status) VALUES (uuid_generate_v4(), uuid_generate_v4(), '100.00', 'PENDING') [90022-232] [Failed SQL: (90022) INSERT INTO PUBLIC.payments (id, orderId, amount, status) VALUES (uuid_generate_v4(), uuid_generate_v4(), '100.00', 'PENDING')]
	at org.springframework.beans.factory.support.AbstractBeanFactory.doGetBean(AbstractBeanFactory.java:328) ~[spring-beans-6.2.3.jar:6.2.3]
	at org.springframework.beans.factory.support.AbstractBeanFactory.getBean(AbstractBeanFactory.java:207) ~[spring-beans-6.2.3.jar:6.2.3]
	at org.springframework.context.support.AbstractApplicationContext.finishBeanFactoryInitialization(AbstractApplicationContext.java:970) ~[spring-context-6.2.3.jar:6.2.3]
	at org.springframework.context.support.AbstractApplicationContext.refresh(AbstractApplicationContext.java:627) ~[spring-context-6.2.3.jar:6.2.3]
	at org.springframework.boot.SpringApplication.refresh(SpringApplication.java:752) ~[spring-boot-3.4.3.jar:3.4.3]
	at org.springframework.boot.SpringApplication.refreshContext(SpringApplication.java:439) ~[spring-boot-3.4.3.jar:3.4.3]
	at org.springframework.boot.SpringApplication.run(SpringApplication.java:318) ~[spring-boot-3.4.3.jar:3.4.3]
	at org.springframework.boot.test.context.SpringBootContextLoader.lambda$loadContext$3(SpringBootContextLoader.java:137) ~[spring-boot-test-3.4.3.jar:3.4.3]
	at org.springframework.util.function.ThrowingSupplier.get(ThrowingSupplier.java:58) ~[spring-core-6.2.3.jar:6.2.3]
	at org.springframework.util.function.ThrowingSupplier.get(ThrowingSupplier.java:46) ~[spring-core-6.2.3.jar:6.2.3]
	at org.springframework.boot.SpringApplication.withHook(SpringApplication.java:1461) ~[spring-boot-3.4.3.jar:3.4.3]
	at org.springframework.boot.test.context.SpringBootContextLoader$ContextLoaderHook.run(SpringBootContextLoader.java:553) ~[spring-boot-test-3.4.3.jar:3.4.3]
	at org.springframework.boot.test.context.SpringBootContextLoader.loadContext(SpringBootContextLoader.java:137) ~[spring-boot-test-3.4.3.jar:3.4.3]
	at org.springframework.boot.test.context.SpringBootContextLoader.loadContext(SpringBootContextLoader.java:108) ~[spring-boot-test-3.4.3.jar:3.4.3]
	at org.springframework.test.context.cache.DefaultCacheAwareContextLoaderDelegate.loadContextInternal(DefaultCacheAwareContextLoaderDelegate.java:225) ~[spring-test-6.2.3.jar:6.2.3]
	at org.springframework.test.context.cache.DefaultCacheAwareContextLoaderDelegate.loadContext(DefaultCacheAwareContextLoaderDelegate.java:152) ~[spring-test-6.2.3.jar:6.2.3]
	... 75 common frames omitted
Caused by: org.springframework.beans.factory.BeanCreationException: Error creating bean with name 'liquibase' defined in class path resource [org/springframework/boot/autoconfigure/liquibase/LiquibaseAutoConfiguration$LiquibaseConfiguration.class]: liquibase.exception.CommandExecutionException: liquibase.exception.LiquibaseException: liquibase.exception.MigrationFailedException: Migration failed for changeset db/changelog/changeset-001.xml::1::firstTeam:
     Reason: liquibase.exception.DatabaseException: Функция "UUID_GENERATE_V4" не найдена
Function "UUID_GENERATE_V4" not found; SQL statement:
INSERT INTO PUBLIC.payments (id, orderId, amount, status) VALUES (uuid_generate_v4(), uuid_generate_v4(), '100.00', 'PENDING') [90022-232] [Failed SQL: (90022) INSERT INTO PUBLIC.payments (id, orderId, amount, status) VALUES (uuid_generate_v4(), uuid_generate_v4(), '100.00', 'PENDING')]
	at org.springframework.beans.factory.support.AbstractAutowireCapableBeanFactory.initializeBean(AbstractAutowireCapableBeanFactory.java:1812) ~[spring-beans-6.2.3.jar:6.2.3]
	at org.springframework.beans.factory.support.AbstractAutowireCapableBeanFactory.doCreateBean(AbstractAutowireCapableBeanFactory.java:601) ~[spring-beans-6.2.3.jar:6.2.3]
	at org.springframework.beans.factory.support.AbstractAutowireCapableBeanFactory.createBean(AbstractAutowireCapableBeanFactory.java:523) ~[spring-beans-6.2.3.jar:6.2.3]
	at org.springframework.beans.factory.support.AbstractBeanFactory.lambda$doGetBean$0(AbstractBeanFactory.java:339) ~[spring-beans-6.2.3.jar:6.2.3]
	at org.springframework.beans.factory.support.DefaultSingletonBeanRegistry.getSingleton(DefaultSingletonBeanRegistry.java:346) ~[spring-beans-6.2.3.jar:6.2.3]
	at org.springframework.beans.factory.support.AbstractBeanFactory.doGetBean(AbstractBeanFactory.java:337) ~[spring-beans-6.2.3.jar:6.2.3]
	at org.springframework.beans.factory.support.AbstractBeanFactory.getBean(AbstractBeanFactory.java:202) ~[spring-beans-6.2.3.jar:6.2.3]
	at org.springframework.beans.factory.support.AbstractBeanFactory.doGetBean(AbstractBeanFactory.java:315) ~[spring-beans-6.2.3.jar:6.2.3]
	... 90 common frames omitted
Caused by: liquibase.exception.UnexpectedLiquibaseException: liquibase.exception.CommandExecutionException: liquibase.exception.LiquibaseException: liquibase.exception.MigrationFailedException: Migration failed for changeset db/changelog/changeset-001.xml::1::firstTeam:
     Reason: liquibase.exception.DatabaseException: Функция "UUID_GENERATE_V4" не найдена
Function "UUID_GENERATE_V4" not found; SQL statement:
INSERT INTO PUBLIC.payments (id, orderId, amount, status) VALUES (uuid_generate_v4(), uuid_generate_v4(), '100.00', 'PENDING') [90022-232] [Failed SQL: (90022) INSERT INTO PUBLIC.payments (id, orderId, amount, status) VALUES (uuid_generate_v4(), uuid_generate_v4(), '100.00', 'PENDING')]
	at liquibase.integration.spring.SpringLiquibase.afterPropertiesSet(SpringLiquibase.java:267) ~[liquibase-core-4.29.2.jar:na]
	at org.springframework.beans.factory.support.AbstractAutowireCapableBeanFactory.invokeInitMethods(AbstractAutowireCapableBeanFactory.java:1859) ~[spring-beans-6.2.3.jar:6.2.3]
	at org.springframework.beans.factory.support.AbstractAutowireCapableBeanFactory.initializeBean(AbstractAutowireCapableBeanFactory.java:1808) ~[spring-beans-6.2.3.jar:6.2.3]
	... 97 common frames omitted
Caused by: liquibase.exception.CommandExecutionException: liquibase.exception.LiquibaseException: liquibase.exception.MigrationFailedException: Migration failed for changeset db/changelog/changeset-001.xml::1::firstTeam:
     Reason: liquibase.exception.DatabaseException: Функция "UUID_GENERATE_V4" не найдена
Function "UUID_GENERATE_V4" not found; SQL statement:
INSERT INTO PUBLIC.payments (id, orderId, amount, status) VALUES (uuid_generate_v4(), uuid_generate_v4(), '100.00', 'PENDING') [90022-232] [Failed SQL: (90022) INSERT INTO PUBLIC.payments (id, orderId, amount, status) VALUES (uuid_generate_v4(), uuid_generate_v4(), '100.00', 'PENDING')]
	at liquibase.command.CommandScope.execute(CommandScope.java:258) ~[liquibase-core-4.29.2.jar:na]
	at liquibase.Liquibase.lambda$update$0(Liquibase.java:216) ~[liquibase-core-4.29.2.jar:na]
	at liquibase.Scope.lambda$child$0(Scope.java:191) ~[liquibase-core-4.29.2.jar:na]
	at liquibase.Scope.child(Scope.java:200) ~[liquibase-core-4.29.2.jar:na]
	at liquibase.Scope.child(Scope.java:190) ~[liquibase-core-4.29.2.jar:na]
	at liquibase.Scope.child(Scope.java:169) ~[liquibase-core-4.29.2.jar:na]
	at liquibase.Liquibase.runInScope(Liquibase.java:1329) ~[liquibase-core-4.29.2.jar:na]
	at liquibase.Liquibase.update(Liquibase.java:205) ~[liquibase-core-4.29.2.jar:na]
	at liquibase.Liquibase.update(Liquibase.java:188) ~[liquibase-core-4.29.2.jar:na]
	at liquibase.integration.spring.SpringLiquibase.performUpdate(SpringLiquibase.java:305) ~[liquibase-core-4.29.2.jar:na]
	at liquibase.integration.spring.SpringLiquibase.lambda$afterPropertiesSet$0(SpringLiquibase.java:257) ~[liquibase-core-4.29.2.jar:na]
	at liquibase.Scope.lambda$child$0(Scope.java:191) ~[liquibase-core-4.29.2.jar:na]
	at liquibase.Scope.child(Scope.java:200) ~[liquibase-core-4.29.2.jar:na]
	at liquibase.Scope.child(Scope.java:190) ~[liquibase-core-4.29.2.jar:na]
	at liquibase.Scope.child(Scope.java:169) ~[liquibase-core-4.29.2.jar:na]
	at liquibase.Scope.child(Scope.java:257) ~[liquibase-core-4.29.2.jar:na]
	at liquibase.integration.spring.SpringLiquibase.afterPropertiesSet(SpringLiquibase.java:250) ~[liquibase-core-4.29.2.jar:na]
	... 99 common frames omitted
Caused by: liquibase.exception.LiquibaseException: liquibase.exception.MigrationFailedException: Migration failed for changeset db/changelog/changeset-001.xml::1::firstTeam:
     Reason: liquibase.exception.DatabaseException: Функция "UUID_GENERATE_V4" не найдена
Function "UUID_GENERATE_V4" not found; SQL statement:
INSERT INTO PUBLIC.payments (id, orderId, amount, status) VALUES (uuid_generate_v4(), uuid_generate_v4(), '100.00', 'PENDING') [90022-232] [Failed SQL: (90022) INSERT INTO PUBLIC.payments (id, orderId, amount, status) VALUES (uuid_generate_v4(), uuid_generate_v4(), '100.00', 'PENDING')]
	at liquibase.changelog.ChangeLogIterator.run(ChangeLogIterator.java:148) ~[liquibase-core-4.29.2.jar:na]
	at liquibase.command.core.AbstractUpdateCommandStep.lambda$run$0(AbstractUpdateCommandStep.java:114) ~[liquibase-core-4.29.2.jar:na]
	at liquibase.Scope.lambda$child$0(Scope.java:191) ~[liquibase-core-4.29.2.jar:na]
	at liquibase.Scope.child(Scope.java:200) ~[liquibase-core-4.29.2.jar:na]
	at liquibase.Scope.child(Scope.java:190) ~[liquibase-core-4.29.2.jar:na]
	at liquibase.Scope.child(Scope.java:169) ~[liquibase-core-4.29.2.jar:na]
	at liquibase.command.core.AbstractUpdateCommandStep.run(AbstractUpdateCommandStep.java:112) ~[liquibase-core-4.29.2.jar:na]
	at liquibase.command.core.UpdateCommandStep.run(UpdateCommandStep.java:105) ~[liquibase-core-4.29.2.jar:na]
	at liquibase.command.CommandScope.execute(CommandScope.java:220) ~[liquibase-core-4.29.2.jar:na]
	... 115 common frames omitted
Caused by: liquibase.exception.MigrationFailedException: Migration failed for changeset db/changelog/changeset-001.xml::1::firstTeam:
     Reason: liquibase.exception.DatabaseException: Функция "UUID_GENERATE_V4" не найдена
Function "UUID_GENERATE_V4" not found; SQL statement:
INSERT INTO PUBLIC.payments (id, orderId, amount, status) VALUES (uuid_generate_v4(), uuid_generate_v4(), '100.00', 'PENDING') [90022-232] [Failed SQL: (90022) INSERT INTO PUBLIC.payments (id, orderId, amount, status) VALUES (uuid_generate_v4(), uuid_generate_v4(), '100.00', 'PENDING')]
	at liquibase.changelog.ChangeSet.execute(ChangeSet.java:820) ~[liquibase-core-4.29.2.jar:na]
	at liquibase.changelog.visitor.UpdateVisitor.executeAcceptedChange(UpdateVisitor.java:126) ~[liquibase-core-4.29.2.jar:na]
	at liquibase.changelog.visitor.UpdateVisitor.visit(UpdateVisitor.java:70) ~[liquibase-core-4.29.2.jar:na]
	at liquibase.changelog.ChangeLogIterator.lambda$run$0(ChangeLogIterator.java:131) ~[liquibase-core-4.29.2.jar:na]
	at liquibase.Scope.lambda$child$0(Scope.java:191) ~[liquibase-core-4.29.2.jar:na]
	at liquibase.Scope.child(Scope.java:200) ~[liquibase-core-4.29.2.jar:na]
	at liquibase.Scope.child(Scope.java:190) ~[liquibase-core-4.29.2.jar:na]
	at liquibase.Scope.child(Scope.java:169) ~[liquibase-core-4.29.2.jar:na]
	at liquibase.changelog.ChangeLogIterator.lambda$run$1(ChangeLogIterator.java:120) ~[liquibase-core-4.29.2.jar:na]
	at liquibase.Scope.lambda$child$0(Scope.java:191) ~[liquibase-core-4.29.2.jar:na]
	at liquibase.Scope.child(Scope.java:200) ~[liquibase-core-4.29.2.jar:na]
	at liquibase.Scope.child(Scope.java:190) ~[liquibase-core-4.29.2.jar:na]
	at liquibase.Scope.child(Scope.java:169) ~[liquibase-core-4.29.2.jar:na]
	at liquibase.Scope.child(Scope.java:257) ~[liquibase-core-4.29.2.jar:na]
	at liquibase.Scope.child(Scope.java:261) ~[liquibase-core-4.29.2.jar:na]
	at liquibase.changelog.ChangeLogIterator.run(ChangeLogIterator.java:89) ~[liquibase-core-4.29.2.jar:na]
	... 123 common frames omitted
Caused by: liquibase.exception.DatabaseException: Функция "UUID_GENERATE_V4" не найдена
Function "UUID_GENERATE_V4" not found; SQL statement:
INSERT INTO PUBLIC.payments (id, orderId, amount, status) VALUES (uuid_generate_v4(), uuid_generate_v4(), '100.00', 'PENDING') [90022-232] [Failed SQL: (90022) INSERT INTO PUBLIC.payments (id, orderId, amount, status) VALUES (uuid_generate_v4(), uuid_generate_v4(), '100.00', 'PENDING')]
	at liquibase.executor.jvm.JdbcExecutor$ExecuteStatementCallback.doInStatement(JdbcExecutor.java:497) ~[liquibase-core-4.29.2.jar:na]
	at liquibase.executor.jvm.JdbcExecutor.execute(JdbcExecutor.java:83) ~[liquibase-core-4.29.2.jar:na]
	at liquibase.executor.jvm.JdbcExecutor.execute(JdbcExecutor.java:185) ~[liquibase-core-4.29.2.jar:na]
	at liquibase.executor.AbstractExecutor.execute(AbstractExecutor.java:141) ~[liquibase-core-4.29.2.jar:na]
	at liquibase.database.AbstractJdbcDatabase.executeStatements(AbstractJdbcDatabase.java:1189) ~[liquibase-core-4.29.2.jar:na]
	at liquibase.changelog.ChangeSet.execute(ChangeSet.java:776) ~[liquibase-core-4.29.2.jar:na]
	... 138 common frames omitted
Caused by: org.h2.jdbc.JdbcSQLSyntaxErrorException: Функция "UUID_GENERATE_V4" не найдена
Function "UUID_GENERATE_V4" not found; SQL statement:
INSERT INTO PUBLIC.payments (id, orderId, amount, status) VALUES (uuid_generate_v4(), uuid_generate_v4(), '100.00', 'PENDING') [90022-232]
	at org.h2.message.DbException.getJdbcSQLException(DbException.java:644) ~[h2-2.3.232.jar:2.3.232]
	at org.h2.message.DbException.getJdbcSQLException(DbException.java:489) ~[h2-2.3.232.jar:2.3.232]
	at org.h2.message.DbException.get(DbException.java:223) ~[h2-2.3.232.jar:2.3.232]
	at org.h2.message.DbException.get(DbException.java:199) ~[h2-2.3.232.jar:2.3.232]
	at org.h2.command.Parser.readFunction(Parser.java:3772) ~[h2-2.3.232.jar:2.3.232]
	at org.h2.command.Parser.readTermWithIdentifier(Parser.java:5142) ~[h2-2.3.232.jar:2.3.232]
	at org.h2.command.Parser.readTerm(Parser.java:4828) ~[h2-2.3.232.jar:2.3.232]
	at org.h2.command.Parser.readFactor(Parser.java:3323) ~[h2-2.3.232.jar:2.3.232]
	at org.h2.command.Parser.readSum(Parser.java:3310) ~[h2-2.3.232.jar:2.3.232]
	at org.h2.command.Parser.readConcat(Parser.java:3275) ~[h2-2.3.232.jar:2.3.232]
	at org.h2.command.Parser.readCondition(Parser.java:3065) ~[h2-2.3.232.jar:2.3.232]
	at org.h2.command.Parser.readExpression(Parser.java:2985) ~[h2-2.3.232.jar:2.3.232]
	at org.h2.command.Parser.readExpressionOrDefault(Parser.java:2971) ~[h2-2.3.232.jar:2.3.232]
	at org.h2.command.Parser.parseValuesForCommand(Parser.java:1685) ~[h2-2.3.232.jar:2.3.232]
	at org.h2.command.Parser.parseInsert(Parser.java:1550) ~[h2-2.3.232.jar:2.3.232]
	at org.h2.command.Parser.parsePrepared(Parser.java:698) ~[h2-2.3.232.jar:2.3.232]
	at org.h2.command.Parser.parse(Parser.java:581) ~[h2-2.3.232.jar:2.3.232]
	at org.h2.command.Parser.parse(Parser.java:556) ~[h2-2.3.232.jar:2.3.232]
	at org.h2.command.Parser.prepareCommand(Parser.java:484) ~[h2-2.3.232.jar:2.3.232]
	at org.h2.engine.SessionLocal.prepareLocal(SessionLocal.java:645) ~[h2-2.3.232.jar:2.3.232]
	at org.h2.engine.SessionLocal.prepareCommand(SessionLocal.java:561) ~[h2-2.3.232.jar:2.3.232]
	at org.h2.jdbc.JdbcConnection.prepareCommand(JdbcConnection.java:1164) ~[h2-2.3.232.jar:2.3.232]
	at org.h2.jdbc.JdbcStatement.executeInternal(JdbcStatement.java:245) ~[h2-2.3.232.jar:2.3.232]
	at org.h2.jdbc.JdbcStatement.execute(JdbcStatement.java:231) ~[h2-2.3.232.jar:2.3.232]
	at liquibase.executor.jvm.JdbcExecutor$ExecuteStatementCallback.doInStatement(JdbcExecutor.java:491) ~[liquibase-core-4.29.2.jar:na]
	... 143 common frames omitted

2025-03-23T23:03:04.396+03:00  WARN 40692 --- [payment-billing-service] [main] o.s.test.context.TestContextManager      : Caught exception while allowing TestExecutionListener [org.springframework.test.context.support.DependencyInjectionTestExecutionListener] to prepare test instance [com.aston.paymentbillingservice.repository.InvoiceRepositoryTest@771d4db]

java.lang.IllegalStateException: ApplicationContext failure threshold (1) exceeded: skipping repeated attempt to load context for [MergedContextConfiguration@559c4e06 testClass = com.aston.paymentbillingservice.repository.InvoiceRepositoryTest, locations = [], classes = [com.aston.paymentbillingservice.PaymentBillingServiceApplication], contextInitializerClasses = [], activeProfiles = ["test"], propertySourceDescriptors = [], propertySourceProperties = ["org.springframework.boot.test.autoconfigure.orm.jpa.DataJpaTestContextBootstrapper=true"], contextCustomizers = [[ImportsContextCustomizer@111cbcda key = [org.springframework.boot.autoconfigure.transaction.TransactionAutoConfiguration, org.springframework.boot.autoconfigure.data.jpa.JpaRepositoriesAutoConfiguration, org.springframework.boot.test.autoconfigure.orm.jpa.TestEntityManagerAutoConfiguration, org.springframework.boot.autoconfigure.cache.CacheAutoConfiguration, org.springframework.boot.autoconfigure.orm.jpa.HibernateJpaAutoConfiguration, org.springframework.boot.autoconfigure.sql.init.SqlInitializationAutoConfiguration, org.springframework.boot.test.autoconfigure.jdbc.TestDatabaseAutoConfiguration, org.springframework.boot.autoconfigure.flyway.FlywayAutoConfiguration, org.springframework.boot.autoconfigure.jdbc.DataSourceTransactionManagerAutoConfiguration, org.springframework.boot.autoconfigure.liquibase.LiquibaseAutoConfiguration, org.springframework.boot.autoconfigure.jdbc.JdbcClientAutoConfiguration, org.springframework.boot.autoconfigure.jdbc.DataSourceAutoConfiguration, org.springframework.boot.autoconfigure.jdbc.JdbcTemplateAutoConfiguration]], org.springframework.boot.test.context.filter.ExcludeFilterContextCustomizer@7159a5cd, org.springframework.boot.test.json.DuplicateJsonObjectContextCustomizerFactory$DuplicateJsonObjectContextCustomizer@4ca8dbfa, org.springframework.boot.test.mock.mockito.MockitoContextCustomizer@0, org.springframework.boot.test.web.reactor.netty.DisableReactorResourceFactoryGlobalResourcesContextCustomizerFactory$DisableReactorResourceFactoryGlobalResourcesContextCustomizerCustomizer@36b310aa, org.springframework.boot.test.autoconfigure.OnFailureConditionReportContextCustomizerFactory$OnFailureConditionReportContextCustomizer@5d7835a8, org.springframework.boot.test.autoconfigure.OverrideAutoConfigurationContextCustomizerFactory$DisableAutoConfigurationContextCustomizer@6940f685, org.springframework.boot.test.autoconfigure.actuate.observability.ObservabilityContextCustomizerFactory$DisableObservabilityContextCustomizer@1f, org.springframework.boot.test.autoconfigure.filter.TypeExcludeFiltersContextCustomizer@34be3d80, org.springframework.boot.test.autoconfigure.properties.PropertyMappingContextCustomizer@e3f01b0a, org.springframework.boot.test.autoconfigure.web.servlet.WebDriverContextCustomizer@7026b7ee, org.springframework.test.context.support.DynamicPropertiesContextCustomizer@0, org.springframework.boot.test.context.SpringBootTestAnnotation@ce303da1], contextLoader = org.springframework.boot.test.context.SpringBootContextLoader, parent = null]
	at org.springframework.test.context.cache.DefaultCacheAwareContextLoaderDelegate.loadContext(DefaultCacheAwareContextLoaderDelegate.java:145) ~[spring-test-6.2.3.jar:6.2.3]
	at org.springframework.test.context.support.DefaultTestContext.getApplicationContext(DefaultTestContext.java:130) ~[spring-test-6.2.3.jar:6.2.3]
	at org.springframework.test.context.support.DependencyInjectionTestExecutionListener.injectDependencies(DependencyInjectionTestExecutionListener.java:155) ~[spring-test-6.2.3.jar:6.2.3]
	at org.springframework.test.context.support.DependencyInjectionTestExecutionListener.prepareTestInstance(DependencyInjectionTestExecutionListener.java:111) ~[spring-test-6.2.3.jar:6.2.3]
	at org.springframework.test.context.TestContextManager.prepareTestInstance(TestContextManager.java:260) ~[spring-test-6.2.3.jar:6.2.3]
	at org.springframework.test.context.junit.jupiter.SpringExtension.postProcessTestInstance(SpringExtension.java:160) ~[spring-test-6.2.3.jar:6.2.3]
	at org.junit.jupiter.engine.descriptor.ClassBasedTestDescriptor.lambda$invokeTestInstancePostProcessors$11(ClassBasedTestDescriptor.java:378) ~[junit-jupiter-engine-5.11.4.jar:5.11.4]
	at org.junit.jupiter.engine.descriptor.ClassBasedTestDescriptor.executeAndMaskThrowable(ClassBasedTestDescriptor.java:383) ~[junit-jupiter-engine-5.11.4.jar:5.11.4]
	at org.junit.jupiter.engine.descriptor.ClassBasedTestDescriptor.lambda$invokeTestInstancePostProcessors$12(ClassBasedTestDescriptor.java:378) ~[junit-jupiter-engine-5.11.4.jar:5.11.4]
	at java.base/java.util.stream.ForEachOps$ForEachOp$OfRef.accept(ForEachOps.java:183) ~[na:na]
	at java.base/java.util.stream.ReferencePipeline$3$1.accept(ReferencePipeline.java:197) ~[na:na]
	at java.base/java.util.stream.ReferencePipeline$2$1.accept(ReferencePipeline.java:179) ~[na:na]
	at java.base/java.util.stream.ReferencePipeline$3$1.accept(ReferencePipeline.java:197) ~[na:na]
	at java.base/java.util.ArrayList$ArrayListSpliterator.forEachRemaining(ArrayList.java:1625) ~[na:na]
	at java.base/java.util.stream.AbstractPipeline.copyInto(AbstractPipeline.java:509) ~[na:na]
	at java.base/java.util.stream.AbstractPipeline.wrapAndCopyInto(AbstractPipeline.java:499) ~[na:na]
	at java.base/java.util.stream.ForEachOps$ForEachOp.evaluateSequential(ForEachOps.java:150) ~[na:na]
	at java.base/java.util.stream.ForEachOps$ForEachOp$OfRef.evaluateSequential(ForEachOps.java:173) ~[na:na]
	at java.base/java.util.stream.AbstractPipeline.evaluate(AbstractPipeline.java:234) ~[na:na]
	at java.base/java.util.stream.ReferencePipeline.forEach(ReferencePipeline.java:596) ~[na:na]
	at org.junit.jupiter.engine.descriptor.ClassBasedTestDescriptor.invokeTestInstancePostProcessors(ClassBasedTestDescriptor.java:377) ~[junit-jupiter-engine-5.11.4.jar:5.11.4]
	at org.junit.jupiter.engine.descriptor.ClassBasedTestDescriptor.lambda$instantiateAndPostProcessTestInstance$7(ClassBasedTestDescriptor.java:290) ~[junit-jupiter-engine-5.11.4.jar:5.11.4]
	at org.junit.platform.engine.support.hierarchical.ThrowableCollector.execute(ThrowableCollector.java:73) ~[junit-platform-engine-1.11.4.jar:1.11.4]
	at org.junit.jupiter.engine.descriptor.ClassBasedTestDescriptor.instantiateAndPostProcessTestInstance(ClassBasedTestDescriptor.java:289) ~[junit-jupiter-engine-5.11.4.jar:5.11.4]
	at org.junit.jupiter.engine.descriptor.ClassBasedTestDescriptor.lambda$testInstancesProvider$5(ClassBasedTestDescriptor.java:279) ~[junit-jupiter-engine-5.11.4.jar:5.11.4]
	at java.base/java.util.Optional.orElseGet(Optional.java:364) ~[na:na]
	at org.junit.jupiter.engine.descriptor.ClassBasedTestDescriptor.lambda$testInstancesProvider$6(ClassBasedTestDescriptor.java:278) ~[junit-jupiter-engine-5.11.4.jar:5.11.4]
	at org.junit.jupiter.engine.execution.TestInstancesProvider.getTestInstances(TestInstancesProvider.java:31) ~[junit-jupiter-engine-5.11.4.jar:5.11.4]
	at org.junit.jupiter.engine.descriptor.TestMethodTestDescriptor.lambda$prepare$1(TestMethodTestDescriptor.java:105) ~[junit-jupiter-engine-5.11.4.jar:5.11.4]
	at org.junit.platform.engine.support.hierarchical.ThrowableCollector.execute(ThrowableCollector.java:73) ~[junit-platform-engine-1.11.4.jar:1.11.4]
	at org.junit.jupiter.engine.descriptor.TestMethodTestDescriptor.prepare(TestMethodTestDescriptor.java:104) ~[junit-jupiter-engine-5.11.4.jar:5.11.4]
	at org.junit.jupiter.engine.descriptor.TestMethodTestDescriptor.prepare(TestMethodTestDescriptor.java:68) ~[junit-jupiter-engine-5.11.4.jar:5.11.4]
	at org.junit.platform.engine.support.hierarchical.NodeTestTask.lambda$prepare$2(NodeTestTask.java:128) ~[junit-platform-engine-1.11.4.jar:1.11.4]
	at org.junit.platform.engine.support.hierarchical.ThrowableCollector.execute(ThrowableCollector.java:73) ~[junit-platform-engine-1.11.4.jar:1.11.4]
	at org.junit.platform.engine.support.hierarchical.NodeTestTask.prepare(NodeTestTask.java:128) ~[junit-platform-engine-1.11.4.jar:1.11.4]
	at org.junit.platform.engine.support.hierarchical.NodeTestTask.execute(NodeTestTask.java:95) ~[junit-platform-engine-1.11.4.jar:1.11.4]
	at java.base/java.util.ArrayList.forEach(ArrayList.java:1511) ~[na:na]
	at org.junit.platform.engine.support.hierarchical.SameThreadHierarchicalTestExecutorService.invokeAll(SameThreadHierarchicalTestExecutorService.java:41) ~[junit-platform-engine-1.11.4.jar:1.11.4]
	at org.junit.platform.engine.support.hierarchical.NodeTestTask.lambda$executeRecursively$6(NodeTestTask.java:160) ~[junit-platform-engine-1.11.4.jar:1.11.4]
	at org.junit.platform.engine.support.hierarchical.ThrowableCollector.execute(ThrowableCollector.java:73) ~[junit-platform-engine-1.11.4.jar:1.11.4]
	at org.junit.platform.engine.support.hierarchical.NodeTestTask.lambda$executeRecursively$8(NodeTestTask.java:146) ~[junit-platform-engine-1.11.4.jar:1.11.4]
	at org.junit.platform.engine.support.hierarchical.Node.around(Node.java:137) ~[junit-platform-engine-1.11.4.jar:1.11.4]
	at org.junit.platform.engine.support.hierarchical.NodeTestTask.lambda$executeRecursively$9(NodeTestTask.java:144) ~[junit-platform-engine-1.11.4.jar:1.11.4]
	at org.junit.platform.engine.support.hierarchical.ThrowableCollector.execute(ThrowableCollector.java:73) ~[junit-platform-engine-1.11.4.jar:1.11.4]
	at org.junit.platform.engine.support.hierarchical.NodeTestTask.executeRecursively(NodeTestTask.java:143) ~[junit-platform-engine-1.11.4.jar:1.11.4]
	at org.junit.platform.engine.support.hierarchical.NodeTestTask.execute(NodeTestTask.java:100) ~[junit-platform-engine-1.11.4.jar:1.11.4]
	at java.base/java.util.ArrayList.forEach(ArrayList.java:1511) ~[na:na]
	at org.junit.platform.engine.support.hierarchical.SameThreadHierarchicalTestExecutorService.invokeAll(SameThreadHierarchicalTestExecutorService.java:41) ~[junit-platform-engine-1.11.4.jar:1.11.4]
	at org.junit.platform.engine.support.hierarchical.NodeTestTask.lambda$executeRecursively$6(NodeTestTask.java:160) ~[junit-platform-engine-1.11.4.jar:1.11.4]
	at org.junit.platform.engine.support.hierarchical.ThrowableCollector.execute(ThrowableCollector.java:73) ~[junit-platform-engine-1.11.4.jar:1.11.4]
	at org.junit.platform.engine.support.hierarchical.NodeTestTask.lambda$executeRecursively$8(NodeTestTask.java:146) ~[junit-platform-engine-1.11.4.jar:1.11.4]
	at org.junit.platform.engine.support.hierarchical.Node.around(Node.java:137) ~[junit-platform-engine-1.11.4.jar:1.11.4]
	at org.junit.platform.engine.support.hierarchical.NodeTestTask.lambda$executeRecursively$9(NodeTestTask.java:144) ~[junit-platform-engine-1.11.4.jar:1.11.4]
	at org.junit.platform.engine.support.hierarchical.ThrowableCollector.execute(ThrowableCollector.java:73) ~[junit-platform-engine-1.11.4.jar:1.11.4]
	at org.junit.platform.engine.support.hierarchical.NodeTestTask.executeRecursively(NodeTestTask.java:143) ~[junit-platform-engine-1.11.4.jar:1.11.4]
	at org.junit.platform.engine.support.hierarchical.NodeTestTask.execute(NodeTestTask.java:100) ~[junit-platform-engine-1.11.4.jar:1.11.4]
	at org.junit.platform.engine.support.hierarchical.SameThreadHierarchicalTestExecutorService.submit(SameThreadHierarchicalTestExecutorService.java:35) ~[junit-platform-engine-1.11.4.jar:1.11.4]
	at org.junit.platform.engine.support.hierarchical.HierarchicalTestExecutor.execute(HierarchicalTestExecutor.java:57) ~[junit-platform-engine-1.11.4.jar:1.11.4]
	at org.junit.platform.engine.support.hierarchical.HierarchicalTestEngine.execute(HierarchicalTestEngine.java:54) ~[junit-platform-engine-1.11.4.jar:1.11.4]
	at org.junit.platform.launcher.core.EngineExecutionOrchestrator.execute(EngineExecutionOrchestrator.java:198) ~[junit-platform-launcher-1.11.4.jar:1.11.4]
	at org.junit.platform.launcher.core.EngineExecutionOrchestrator.execute(EngineExecutionOrchestrator.java:169) ~[junit-platform-launcher-1.11.4.jar:1.11.4]
	at org.junit.platform.launcher.core.EngineExecutionOrchestrator.execute(EngineExecutionOrchestrator.java:93) ~[junit-platform-launcher-1.11.4.jar:1.11.4]
	at org.junit.platform.launcher.core.EngineExecutionOrchestrator.lambda$execute$0(EngineExecutionOrchestrator.java:58) ~[junit-platform-launcher-1.11.4.jar:1.11.4]
	at org.junit.platform.launcher.core.EngineExecutionOrchestrator.withInterceptedStreams(EngineExecutionOrchestrator.java:141) ~[junit-platform-launcher-1.11.4.jar:1.11.4]
	at org.junit.platform.launcher.core.EngineExecutionOrchestrator.execute(EngineExecutionOrchestrator.java:57) ~[junit-platform-launcher-1.11.4.jar:1.11.4]
	at org.junit.platform.launcher.core.DefaultLauncher.execute(DefaultLauncher.java:103) ~[junit-platform-launcher-1.11.4.jar:1.11.4]
	at org.junit.platform.launcher.core.DefaultLauncher.execute(DefaultLauncher.java:85) ~[junit-platform-launcher-1.11.4.jar:1.11.4]
	at org.junit.platform.launcher.core.DelegatingLauncher.execute(DelegatingLauncher.java:47) ~[junit-platform-launcher-1.11.4.jar:1.11.4]
	at org.apache.maven.surefire.junitplatform.LazyLauncher.execute(LazyLauncher.java:56) ~[surefire-junit-platform-3.5.2.jar:3.5.2]
	at org.apache.maven.surefire.junitplatform.JUnitPlatformProvider.execute(JUnitPlatformProvider.java:184) ~[surefire-junit-platform-3.5.2.jar:3.5.2]
	at org.apache.maven.surefire.junitplatform.JUnitPlatformProvider.invokeAllTests(JUnitPlatformProvider.java:148) ~[surefire-junit-platform-3.5.2.jar:3.5.2]
	at org.apache.maven.surefire.junitplatform.JUnitPlatformProvider.invoke(JUnitPlatformProvider.java:122) ~[surefire-junit-platform-3.5.2.jar:3.5.2]
	at org.apache.maven.surefire.booter.ForkedBooter.runSuitesInProcess(ForkedBooter.java:385) ~[surefire-booter-3.5.2.jar:3.5.2]
	at org.apache.maven.surefire.booter.ForkedBooter.execute(ForkedBooter.java:162) ~[surefire-booter-3.5.2.jar:3.5.2]
	at org.apache.maven.surefire.booter.ForkedBooter.run(ForkedBooter.java:507) ~[surefire-booter-3.5.2.jar:3.5.2]
	at org.apache.maven.surefire.booter.ForkedBooter.main(ForkedBooter.java:495) ~[surefire-booter-3.5.2.jar:3.5.2]

2025-03-23T23:03:04.403+03:00  WARN 40692 --- [payment-billing-service] [main] o.s.test.context.TestContextManager      : Caught exception while allowing TestExecutionListener [org.springframework.test.context.support.DependencyInjectionTestExecutionListener] to prepare test instance [com.aston.paymentbillingservice.repository.InvoiceRepositoryTest@3636f2a7]

java.lang.IllegalStateException: ApplicationContext failure threshold (1) exceeded: skipping repeated attempt to load context for [MergedContextConfiguration@559c4e06 testClass = com.aston.paymentbillingservice.repository.InvoiceRepositoryTest, locations = [], classes = [com.aston.paymentbillingservice.PaymentBillingServiceApplication], contextInitializerClasses = [], activeProfiles = ["test"], propertySourceDescriptors = [], propertySourceProperties = ["org.springframework.boot.test.autoconfigure.orm.jpa.DataJpaTestContextBootstrapper=true"], contextCustomizers = [[ImportsContextCustomizer@111cbcda key = [org.springframework.boot.autoconfigure.transaction.TransactionAutoConfiguration, org.springframework.boot.autoconfigure.data.jpa.JpaRepositoriesAutoConfiguration, org.springframework.boot.test.autoconfigure.orm.jpa.TestEntityManagerAutoConfiguration, org.springframework.boot.autoconfigure.cache.CacheAutoConfiguration, org.springframework.boot.autoconfigure.orm.jpa.HibernateJpaAutoConfiguration, org.springframework.boot.autoconfigure.sql.init.SqlInitializationAutoConfiguration, org.springframework.boot.test.autoconfigure.jdbc.TestDatabaseAutoConfiguration, org.springframework.boot.autoconfigure.flyway.FlywayAutoConfiguration, org.springframework.boot.autoconfigure.jdbc.DataSourceTransactionManagerAutoConfiguration, org.springframework.boot.autoconfigure.liquibase.LiquibaseAutoConfiguration, org.springframework.boot.autoconfigure.jdbc.JdbcClientAutoConfiguration, org.springframework.boot.autoconfigure.jdbc.DataSourceAutoConfiguration, org.springframework.boot.autoconfigure.jdbc.JdbcTemplateAutoConfiguration]], org.springframework.boot.test.context.filter.ExcludeFilterContextCustomizer@7159a5cd, org.springframework.boot.test.json.DuplicateJsonObjectContextCustomizerFactory$DuplicateJsonObjectContextCustomizer@4ca8dbfa, org.springframework.boot.test.mock.mockito.MockitoContextCustomizer@0, org.springframework.boot.test.web.reactor.netty.DisableReactorResourceFactoryGlobalResourcesContextCustomizerFactory$DisableReactorResourceFactoryGlobalResourcesContextCustomizerCustomizer@36b310aa, org.springframework.boot.test.autoconfigure.OnFailureConditionReportContextCustomizerFactory$OnFailureConditionReportContextCustomizer@5d7835a8, org.springframework.boot.test.autoconfigure.OverrideAutoConfigurationContextCustomizerFactory$DisableAutoConfigurationContextCustomizer@6940f685, org.springframework.boot.test.autoconfigure.actuate.observability.ObservabilityContextCustomizerFactory$DisableObservabilityContextCustomizer@1f, org.springframework.boot.test.autoconfigure.filter.TypeExcludeFiltersContextCustomizer@34be3d80, org.springframework.boot.test.autoconfigure.properties.PropertyMappingContextCustomizer@e3f01b0a, org.springframework.boot.test.autoconfigure.web.servlet.WebDriverContextCustomizer@7026b7ee, org.springframework.test.context.support.DynamicPropertiesContextCustomizer@0, org.springframework.boot.test.context.SpringBootTestAnnotation@ce303da1], contextLoader = org.springframework.boot.test.context.SpringBootContextLoader, parent = null]
	at org.springframework.test.context.cache.DefaultCacheAwareContextLoaderDelegate.loadContext(DefaultCacheAwareContextLoaderDelegate.java:145) ~[spring-test-6.2.3.jar:6.2.3]
	at org.springframework.test.context.support.DefaultTestContext.getApplicationContext(DefaultTestContext.java:130) ~[spring-test-6.2.3.jar:6.2.3]
	at org.springframework.test.context.support.DependencyInjectionTestExecutionListener.injectDependencies(DependencyInjectionTestExecutionListener.java:155) ~[spring-test-6.2.3.jar:6.2.3]
	at org.springframework.test.context.support.DependencyInjectionTestExecutionListener.prepareTestInstance(DependencyInjectionTestExecutionListener.java:111) ~[spring-test-6.2.3.jar:6.2.3]
	at org.springframework.test.context.TestContextManager.prepareTestInstance(TestContextManager.java:260) ~[spring-test-6.2.3.jar:6.2.3]
	at org.springframework.test.context.junit.jupiter.SpringExtension.postProcessTestInstance(SpringExtension.java:160) ~[spring-test-6.2.3.jar:6.2.3]
	at org.junit.jupiter.engine.descriptor.ClassBasedTestDescriptor.lambda$invokeTestInstancePostProcessors$11(ClassBasedTestDescriptor.java:378) ~[junit-jupiter-engine-5.11.4.jar:5.11.4]
	at org.junit.jupiter.engine.descriptor.ClassBasedTestDescriptor.executeAndMaskThrowable(ClassBasedTestDescriptor.java:383) ~[junit-jupiter-engine-5.11.4.jar:5.11.4]
	at org.junit.jupiter.engine.descriptor.ClassBasedTestDescriptor.lambda$invokeTestInstancePostProcessors$12(ClassBasedTestDescriptor.java:378) ~[junit-jupiter-engine-5.11.4.jar:5.11.4]
	at java.base/java.util.stream.ForEachOps$ForEachOp$OfRef.accept(ForEachOps.java:183) ~[na:na]
	at java.base/java.util.stream.ReferencePipeline$3$1.accept(ReferencePipeline.java:197) ~[na:na]
	at java.base/java.util.stream.ReferencePipeline$2$1.accept(ReferencePipeline.java:179) ~[na:na]
	at java.base/java.util.stream.ReferencePipeline$3$1.accept(ReferencePipeline.java:197) ~[na:na]
	at java.base/java.util.ArrayList$ArrayListSpliterator.forEachRemaining(ArrayList.java:1625) ~[na:na]
	at java.base/java.util.stream.AbstractPipeline.copyInto(AbstractPipeline.java:509) ~[na:na]
	at java.base/java.util.stream.AbstractPipeline.wrapAndCopyInto(AbstractPipeline.java:499) ~[na:na]
	at java.base/java.util.stream.ForEachOps$ForEachOp.evaluateSequential(ForEachOps.java:150) ~[na:na]
	at java.base/java.util.stream.ForEachOps$ForEachOp$OfRef.evaluateSequential(ForEachOps.java:173) ~[na:na]
	at java.base/java.util.stream.AbstractPipeline.evaluate(AbstractPipeline.java:234) ~[na:na]
	at java.base/java.util.stream.ReferencePipeline.forEach(ReferencePipeline.java:596) ~[na:na]
	at org.junit.jupiter.engine.descriptor.ClassBasedTestDescriptor.invokeTestInstancePostProcessors(ClassBasedTestDescriptor.java:377) ~[junit-jupiter-engine-5.11.4.jar:5.11.4]
	at org.junit.jupiter.engine.descriptor.ClassBasedTestDescriptor.lambda$instantiateAndPostProcessTestInstance$7(ClassBasedTestDescriptor.java:290) ~[junit-jupiter-engine-5.11.4.jar:5.11.4]
	at org.junit.platform.engine.support.hierarchical.ThrowableCollector.execute(ThrowableCollector.java:73) ~[junit-platform-engine-1.11.4.jar:1.11.4]
	at org.junit.jupiter.engine.descriptor.ClassBasedTestDescriptor.instantiateAndPostProcessTestInstance(ClassBasedTestDescriptor.java:289) ~[junit-jupiter-engine-5.11.4.jar:5.11.4]
	at org.junit.jupiter.engine.descriptor.ClassBasedTestDescriptor.lambda$testInstancesProvider$5(ClassBasedTestDescriptor.java:279) ~[junit-jupiter-engine-5.11.4.jar:5.11.4]
	at java.base/java.util.Optional.orElseGet(Optional.java:364) ~[na:na]
	at org.junit.jupiter.engine.descriptor.ClassBasedTestDescriptor.lambda$testInstancesProvider$6(ClassBasedTestDescriptor.java:278) ~[junit-jupiter-engine-5.11.4.jar:5.11.4]
	at org.junit.jupiter.engine.execution.TestInstancesProvider.getTestInstances(TestInstancesProvider.java:31) ~[junit-jupiter-engine-5.11.4.jar:5.11.4]
	at org.junit.jupiter.engine.descriptor.TestMethodTestDescriptor.lambda$prepare$1(TestMethodTestDescriptor.java:105) ~[junit-jupiter-engine-5.11.4.jar:5.11.4]
	at org.junit.platform.engine.support.hierarchical.ThrowableCollector.execute(ThrowableCollector.java:73) ~[junit-platform-engine-1.11.4.jar:1.11.4]
	at org.junit.jupiter.engine.descriptor.TestMethodTestDescriptor.prepare(TestMethodTestDescriptor.java:104) ~[junit-jupiter-engine-5.11.4.jar:5.11.4]
	at org.junit.jupiter.engine.descriptor.TestMethodTestDescriptor.prepare(TestMethodTestDescriptor.java:68) ~[junit-jupiter-engine-5.11.4.jar:5.11.4]
	at org.junit.platform.engine.support.hierarchical.NodeTestTask.lambda$prepare$2(NodeTestTask.java:128) ~[junit-platform-engine-1.11.4.jar:1.11.4]
	at org.junit.platform.engine.support.hierarchical.ThrowableCollector.execute(ThrowableCollector.java:73) ~[junit-platform-engine-1.11.4.jar:1.11.4]
	at org.junit.platform.engine.support.hierarchical.NodeTestTask.prepare(NodeTestTask.java:128) ~[junit-platform-engine-1.11.4.jar:1.11.4]
	at org.junit.platform.engine.support.hierarchical.NodeTestTask.execute(NodeTestTask.java:95) ~[junit-platform-engine-1.11.4.jar:1.11.4]
	at java.base/java.util.ArrayList.forEach(ArrayList.java:1511) ~[na:na]
	at org.junit.platform.engine.support.hierarchical.SameThreadHierarchicalTestExecutorService.invokeAll(SameThreadHierarchicalTestExecutorService.java:41) ~[junit-platform-engine-1.11.4.jar:1.11.4]
	at org.junit.platform.engine.support.hierarchical.NodeTestTask.lambda$executeRecursively$6(NodeTestTask.java:160) ~[junit-platform-engine-1.11.4.jar:1.11.4]
	at org.junit.platform.engine.support.hierarchical.ThrowableCollector.execute(ThrowableCollector.java:73) ~[junit-platform-engine-1.11.4.jar:1.11.4]
	at org.junit.platform.engine.support.hierarchical.NodeTestTask.lambda$executeRecursively$8(NodeTestTask.java:146) ~[junit-platform-engine-1.11.4.jar:1.11.4]
	at org.junit.platform.engine.support.hierarchical.Node.around(Node.java:137) ~[junit-platform-engine-1.11.4.jar:1.11.4]
	at org.junit.platform.engine.support.hierarchical.NodeTestTask.lambda$executeRecursively$9(NodeTestTask.java:144) ~[junit-platform-engine-1.11.4.jar:1.11.4]
	at org.junit.platform.engine.support.hierarchical.ThrowableCollector.execute(ThrowableCollector.java:73) ~[junit-platform-engine-1.11.4.jar:1.11.4]
	at org.junit.platform.engine.support.hierarchical.NodeTestTask.executeRecursively(NodeTestTask.java:143) ~[junit-platform-engine-1.11.4.jar:1.11.4]
	at org.junit.platform.engine.support.hierarchical.NodeTestTask.execute(NodeTestTask.java:100) ~[junit-platform-engine-1.11.4.jar:1.11.4]
	at java.base/java.util.ArrayList.forEach(ArrayList.java:1511) ~[na:na]
	at org.junit.platform.engine.support.hierarchical.SameThreadHierarchicalTestExecutorService.invokeAll(SameThreadHierarchicalTestExecutorService.java:41) ~[junit-platform-engine-1.11.4.jar:1.11.4]
	at org.junit.platform.engine.support.hierarchical.NodeTestTask.lambda$executeRecursively$6(NodeTestTask.java:160) ~[junit-platform-engine-1.11.4.jar:1.11.4]
	at org.junit.platform.engine.support.hierarchical.ThrowableCollector.execute(ThrowableCollector.java:73) ~[junit-platform-engine-1.11.4.jar:1.11.4]
	at org.junit.platform.engine.support.hierarchical.NodeTestTask.lambda$executeRecursively$8(NodeTestTask.java:146) ~[junit-platform-engine-1.11.4.jar:1.11.4]
	at org.junit.platform.engine.support.hierarchical.Node.around(Node.java:137) ~[junit-platform-engine-1.11.4.jar:1.11.4]
	at org.junit.platform.engine.support.hierarchical.NodeTestTask.lambda$executeRecursively$9(NodeTestTask.java:144) ~[junit-platform-engine-1.11.4.jar:1.11.4]
	at org.junit.platform.engine.support.hierarchical.ThrowableCollector.execute(ThrowableCollector.java:73) ~[junit-platform-engine-1.11.4.jar:1.11.4]
	at org.junit.platform.engine.support.hierarchical.NodeTestTask.executeRecursively(NodeTestTask.java:143) ~[junit-platform-engine-1.11.4.jar:1.11.4]
	at org.junit.platform.engine.support.hierarchical.NodeTestTask.execute(NodeTestTask.java:100) ~[junit-platform-engine-1.11.4.jar:1.11.4]
	at org.junit.platform.engine.support.hierarchical.SameThreadHierarchicalTestExecutorService.submit(SameThreadHierarchicalTestExecutorService.java:35) ~[junit-platform-engine-1.11.4.jar:1.11.4]
	at org.junit.platform.engine.support.hierarchical.HierarchicalTestExecutor.execute(HierarchicalTestExecutor.java:57) ~[junit-platform-engine-1.11.4.jar:1.11.4]
	at org.junit.platform.engine.support.hierarchical.HierarchicalTestEngine.execute(HierarchicalTestEngine.java:54) ~[junit-platform-engine-1.11.4.jar:1.11.4]
	at org.junit.platform.launcher.core.EngineExecutionOrchestrator.execute(EngineExecutionOrchestrator.java:198) ~[junit-platform-launcher-1.11.4.jar:1.11.4]
	at org.junit.platform.launcher.core.EngineExecutionOrchestrator.execute(EngineExecutionOrchestrator.java:169) ~[junit-platform-launcher-1.11.4.jar:1.11.4]
	at org.junit.platform.launcher.core.EngineExecutionOrchestrator.execute(EngineExecutionOrchestrator.java:93) ~[junit-platform-launcher-1.11.4.jar:1.11.4]
	at org.junit.platform.launcher.core.EngineExecutionOrchestrator.lambda$execute$0(EngineExecutionOrchestrator.java:58) ~[junit-platform-launcher-1.11.4.jar:1.11.4]
	at org.junit.platform.launcher.core.EngineExecutionOrchestrator.withInterceptedStreams(EngineExecutionOrchestrator.java:141) ~[junit-platform-launcher-1.11.4.jar:1.11.4]
	at org.junit.platform.launcher.core.EngineExecutionOrchestrator.execute(EngineExecutionOrchestrator.java:57) ~[junit-platform-launcher-1.11.4.jar:1.11.4]
	at org.junit.platform.launcher.core.DefaultLauncher.execute(DefaultLauncher.java:103) ~[junit-platform-launcher-1.11.4.jar:1.11.4]
	at org.junit.platform.launcher.core.DefaultLauncher.execute(DefaultLauncher.java:85) ~[junit-platform-launcher-1.11.4.jar:1.11.4]
	at org.junit.platform.launcher.core.DelegatingLauncher.execute(DelegatingLauncher.java:47) ~[junit-platform-launcher-1.11.4.jar:1.11.4]
	at org.apache.maven.surefire.junitplatform.LazyLauncher.execute(LazyLauncher.java:56) ~[surefire-junit-platform-3.5.2.jar:3.5.2]
	at org.apache.maven.surefire.junitplatform.JUnitPlatformProvider.execute(JUnitPlatformProvider.java:184) ~[surefire-junit-platform-3.5.2.jar:3.5.2]
	at org.apache.maven.surefire.junitplatform.JUnitPlatformProvider.invokeAllTests(JUnitPlatformProvider.java:148) ~[surefire-junit-platform-3.5.2.jar:3.5.2]
	at org.apache.maven.surefire.junitplatform.JUnitPlatformProvider.invoke(JUnitPlatformProvider.java:122) ~[surefire-junit-platform-3.5.2.jar:3.5.2]
	at org.apache.maven.surefire.booter.ForkedBooter.runSuitesInProcess(ForkedBooter.java:385) ~[surefire-booter-3.5.2.jar:3.5.2]
	at org.apache.maven.surefire.booter.ForkedBooter.execute(ForkedBooter.java:162) ~[surefire-booter-3.5.2.jar:3.5.2]
	at org.apache.maven.surefire.booter.ForkedBooter.run(ForkedBooter.java:507) ~[surefire-booter-3.5.2.jar:3.5.2]
	at org.apache.maven.surefire.booter.ForkedBooter.main(ForkedBooter.java:495) ~[surefire-booter-3.5.2.jar:3.5.2]

2025-03-23T23:03:04.409+03:00  WARN 40692 --- [payment-billing-service] [main] o.s.test.context.TestContextManager      : Caught exception while allowing TestExecutionListener [org.springframework.test.context.support.DependencyInjectionTestExecutionListener] to prepare test instance [com.aston.paymentbillingservice.repository.InvoiceRepositoryTest@3dbbed3e]

java.lang.IllegalStateException: ApplicationContext failure threshold (1) exceeded: skipping repeated attempt to load context for [MergedContextConfiguration@559c4e06 testClass = com.aston.paymentbillingservice.repository.InvoiceRepositoryTest, locations = [], classes = [com.aston.paymentbillingservice.PaymentBillingServiceApplication], contextInitializerClasses = [], activeProfiles = ["test"], propertySourceDescriptors = [], propertySourceProperties = ["org.springframework.boot.test.autoconfigure.orm.jpa.DataJpaTestContextBootstrapper=true"], contextCustomizers = [[ImportsContextCustomizer@111cbcda key = [org.springframework.boot.autoconfigure.transaction.TransactionAutoConfiguration, org.springframework.boot.autoconfigure.data.jpa.JpaRepositoriesAutoConfiguration, org.springframework.boot.test.autoconfigure.orm.jpa.TestEntityManagerAutoConfiguration, org.springframework.boot.autoconfigure.cache.CacheAutoConfiguration, org.springframework.boot.autoconfigure.orm.jpa.HibernateJpaAutoConfiguration, org.springframework.boot.autoconfigure.sql.init.SqlInitializationAutoConfiguration, org.springframework.boot.test.autoconfigure.jdbc.TestDatabaseAutoConfiguration, org.springframework.boot.autoconfigure.flyway.FlywayAutoConfiguration, org.springframework.boot.autoconfigure.jdbc.DataSourceTransactionManagerAutoConfiguration, org.springframework.boot.autoconfigure.liquibase.LiquibaseAutoConfiguration, org.springframework.boot.autoconfigure.jdbc.JdbcClientAutoConfiguration, org.springframework.boot.autoconfigure.jdbc.DataSourceAutoConfiguration, org.springframework.boot.autoconfigure.jdbc.JdbcTemplateAutoConfiguration]], org.springframework.boot.test.context.filter.ExcludeFilterContextCustomizer@7159a5cd, org.springframework.boot.test.json.DuplicateJsonObjectContextCustomizerFactory$DuplicateJsonObjectContextCustomizer@4ca8dbfa, org.springframework.boot.test.mock.mockito.MockitoContextCustomizer@0, org.springframework.boot.test.web.reactor.netty.DisableReactorResourceFactoryGlobalResourcesContextCustomizerFactory$DisableReactorResourceFactoryGlobalResourcesContextCustomizerCustomizer@36b310aa, org.springframework.boot.test.autoconfigure.OnFailureConditionReportContextCustomizerFactory$OnFailureConditionReportContextCustomizer@5d7835a8, org.springframework.boot.test.autoconfigure.OverrideAutoConfigurationContextCustomizerFactory$DisableAutoConfigurationContextCustomizer@6940f685, org.springframework.boot.test.autoconfigure.actuate.observability.ObservabilityContextCustomizerFactory$DisableObservabilityContextCustomizer@1f, org.springframework.boot.test.autoconfigure.filter.TypeExcludeFiltersContextCustomizer@34be3d80, org.springframework.boot.test.autoconfigure.properties.PropertyMappingContextCustomizer@e3f01b0a, org.springframework.boot.test.autoconfigure.web.servlet.WebDriverContextCustomizer@7026b7ee, org.springframework.test.context.support.DynamicPropertiesContextCustomizer@0, org.springframework.boot.test.context.SpringBootTestAnnotation@ce303da1], contextLoader = org.springframework.boot.test.context.SpringBootContextLoader, parent = null]
	at org.springframework.test.context.cache.DefaultCacheAwareContextLoaderDelegate.loadContext(DefaultCacheAwareContextLoaderDelegate.java:145) ~[spring-test-6.2.3.jar:6.2.3]
	at org.springframework.test.context.support.DefaultTestContext.getApplicationContext(DefaultTestContext.java:130) ~[spring-test-6.2.3.jar:6.2.3]
	at org.springframework.test.context.support.DependencyInjectionTestExecutionListener.injectDependencies(DependencyInjectionTestExecutionListener.java:155) ~[spring-test-6.2.3.jar:6.2.3]
	at org.springframework.test.context.support.DependencyInjectionTestExecutionListener.prepareTestInstance(DependencyInjectionTestExecutionListener.java:111) ~[spring-test-6.2.3.jar:6.2.3]
	at org.springframework.test.context.TestContextManager.prepareTestInstance(TestContextManager.java:260) ~[spring-test-6.2.3.jar:6.2.3]
	at org.springframework.test.context.junit.jupiter.SpringExtension.postProcessTestInstance(SpringExtension.java:160) ~[spring-test-6.2.3.jar:6.2.3]
	at org.junit.jupiter.engine.descriptor.ClassBasedTestDescriptor.lambda$invokeTestInstancePostProcessors$11(ClassBasedTestDescriptor.java:378) ~[junit-jupiter-engine-5.11.4.jar:5.11.4]
	at org.junit.jupiter.engine.descriptor.ClassBasedTestDescriptor.executeAndMaskThrowable(ClassBasedTestDescriptor.java:383) ~[junit-jupiter-engine-5.11.4.jar:5.11.4]
	at org.junit.jupiter.engine.descriptor.ClassBasedTestDescriptor.lambda$invokeTestInstancePostProcessors$12(ClassBasedTestDescriptor.java:378) ~[junit-jupiter-engine-5.11.4.jar:5.11.4]
	at java.base/java.util.stream.ForEachOps$ForEachOp$OfRef.accept(ForEachOps.java:183) ~[na:na]
	at java.base/java.util.stream.ReferencePipeline$3$1.accept(ReferencePipeline.java:197) ~[na:na]
	at java.base/java.util.stream.ReferencePipeline$2$1.accept(ReferencePipeline.java:179) ~[na:na]
	at java.base/java.util.stream.ReferencePipeline$3$1.accept(ReferencePipeline.java:197) ~[na:na]
	at java.base/java.util.ArrayList$ArrayListSpliterator.forEachRemaining(ArrayList.java:1625) ~[na:na]
	at java.base/java.util.stream.AbstractPipeline.copyInto(AbstractPipeline.java:509) ~[na:na]
	at java.base/java.util.stream.AbstractPipeline.wrapAndCopyInto(AbstractPipeline.java:499) ~[na:na]
	at java.base/java.util.stream.ForEachOps$ForEachOp.evaluateSequential(ForEachOps.java:150) ~[na:na]
	at java.base/java.util.stream.ForEachOps$ForEachOp$OfRef.evaluateSequential(ForEachOps.java:173) ~[na:na]
	at java.base/java.util.stream.AbstractPipeline.evaluate(AbstractPipeline.java:234) ~[na:na]
	at java.base/java.util.stream.ReferencePipeline.forEach(ReferencePipeline.java:596) ~[na:na]
	at org.junit.jupiter.engine.descriptor.ClassBasedTestDescriptor.invokeTestInstancePostProcessors(ClassBasedTestDescriptor.java:377) ~[junit-jupiter-engine-5.11.4.jar:5.11.4]
	at org.junit.jupiter.engine.descriptor.ClassBasedTestDescriptor.lambda$instantiateAndPostProcessTestInstance$7(ClassBasedTestDescriptor.java:290) ~[junit-jupiter-engine-5.11.4.jar:5.11.4]
	at org.junit.platform.engine.support.hierarchical.ThrowableCollector.execute(ThrowableCollector.java:73) ~[junit-platform-engine-1.11.4.jar:1.11.4]
	at org.junit.jupiter.engine.descriptor.ClassBasedTestDescriptor.instantiateAndPostProcessTestInstance(ClassBasedTestDescriptor.java:289) ~[junit-jupiter-engine-5.11.4.jar:5.11.4]
	at org.junit.jupiter.engine.descriptor.ClassBasedTestDescriptor.lambda$testInstancesProvider$5(ClassBasedTestDescriptor.java:279) ~[junit-jupiter-engine-5.11.4.jar:5.11.4]
	at java.base/java.util.Optional.orElseGet(Optional.java:364) ~[na:na]
	at org.junit.jupiter.engine.descriptor.ClassBasedTestDescriptor.lambda$testInstancesProvider$6(ClassBasedTestDescriptor.java:278) ~[junit-jupiter-engine-5.11.4.jar:5.11.4]
	at org.junit.jupiter.engine.execution.TestInstancesProvider.getTestInstances(TestInstancesProvider.java:31) ~[junit-jupiter-engine-5.11.4.jar:5.11.4]
	at org.junit.jupiter.engine.descriptor.TestMethodTestDescriptor.lambda$prepare$1(TestMethodTestDescriptor.java:105) ~[junit-jupiter-engine-5.11.4.jar:5.11.4]
	at org.junit.platform.engine.support.hierarchical.ThrowableCollector.execute(ThrowableCollector.java:73) ~[junit-platform-engine-1.11.4.jar:1.11.4]
	at org.junit.jupiter.engine.descriptor.TestMethodTestDescriptor.prepare(TestMethodTestDescriptor.java:104) ~[junit-jupiter-engine-5.11.4.jar:5.11.4]
	at org.junit.jupiter.engine.descriptor.TestMethodTestDescriptor.prepare(TestMethodTestDescriptor.java:68) ~[junit-jupiter-engine-5.11.4.jar:5.11.4]
	at org.junit.platform.engine.support.hierarchical.NodeTestTask.lambda$prepare$2(NodeTestTask.java:128) ~[junit-platform-engine-1.11.4.jar:1.11.4]
	at org.junit.platform.engine.support.hierarchical.ThrowableCollector.execute(ThrowableCollector.java:73) ~[junit-platform-engine-1.11.4.jar:1.11.4]
	at org.junit.platform.engine.support.hierarchical.NodeTestTask.prepare(NodeTestTask.java:128) ~[junit-platform-engine-1.11.4.jar:1.11.4]
	at org.junit.platform.engine.support.hierarchical.NodeTestTask.execute(NodeTestTask.java:95) ~[junit-platform-engine-1.11.4.jar:1.11.4]
	at java.base/java.util.ArrayList.forEach(ArrayList.java:1511) ~[na:na]
	at org.junit.platform.engine.support.hierarchical.SameThreadHierarchicalTestExecutorService.invokeAll(SameThreadHierarchicalTestExecutorService.java:41) ~[junit-platform-engine-1.11.4.jar:1.11.4]
	at org.junit.platform.engine.support.hierarchical.NodeTestTask.lambda$executeRecursively$6(NodeTestTask.java:160) ~[junit-platform-engine-1.11.4.jar:1.11.4]
	at org.junit.platform.engine.support.hierarchical.ThrowableCollector.execute(ThrowableCollector.java:73) ~[junit-platform-engine-1.11.4.jar:1.11.4]
	at org.junit.platform.engine.support.hierarchical.NodeTestTask.lambda$executeRecursively$8(NodeTestTask.java:146) ~[junit-platform-engine-1.11.4.jar:1.11.4]
	at org.junit.platform.engine.support.hierarchical.Node.around(Node.java:137) ~[junit-platform-engine-1.11.4.jar:1.11.4]
	at org.junit.platform.engine.support.hierarchical.NodeTestTask.lambda$executeRecursively$9(NodeTestTask.java:144) ~[junit-platform-engine-1.11.4.jar:1.11.4]
	at org.junit.platform.engine.support.hierarchical.ThrowableCollector.execute(ThrowableCollector.java:73) ~[junit-platform-engine-1.11.4.jar:1.11.4]
	at org.junit.platform.engine.support.hierarchical.NodeTestTask.executeRecursively(NodeTestTask.java:143) ~[junit-platform-engine-1.11.4.jar:1.11.4]
	at org.junit.platform.engine.support.hierarchical.NodeTestTask.execute(NodeTestTask.java:100) ~[junit-platform-engine-1.11.4.jar:1.11.4]
	at java.base/java.util.ArrayList.forEach(ArrayList.java:1511) ~[na:na]
	at org.junit.platform.engine.support.hierarchical.SameThreadHierarchicalTestExecutorService.invokeAll(SameThreadHierarchicalTestExecutorService.java:41) ~[junit-platform-engine-1.11.4.jar:1.11.4]
	at org.junit.platform.engine.support.hierarchical.NodeTestTask.lambda$executeRecursively$6(NodeTestTask.java:160) ~[junit-platform-engine-1.11.4.jar:1.11.4]
	at org.junit.platform.engine.support.hierarchical.ThrowableCollector.execute(ThrowableCollector.java:73) ~[junit-platform-engine-1.11.4.jar:1.11.4]
	at org.junit.platform.engine.support.hierarchical.NodeTestTask.lambda$executeRecursively$8(NodeTestTask.java:146) ~[junit-platform-engine-1.11.4.jar:1.11.4]
	at org.junit.platform.engine.support.hierarchical.Node.around(Node.java:137) ~[junit-platform-engine-1.11.4.jar:1.11.4]
	at org.junit.platform.engine.support.hierarchical.NodeTestTask.lambda$executeRecursively$9(NodeTestTask.java:144) ~[junit-platform-engine-1.11.4.jar:1.11.4]
	at org.junit.platform.engine.support.hierarchical.ThrowableCollector.execute(ThrowableCollector.java:73) ~[junit-platform-engine-1.11.4.jar:1.11.4]
	at org.junit.platform.engine.support.hierarchical.NodeTestTask.executeRecursively(NodeTestTask.java:143) ~[junit-platform-engine-1.11.4.jar:1.11.4]
	at org.junit.platform.engine.support.hierarchical.NodeTestTask.execute(NodeTestTask.java:100) ~[junit-platform-engine-1.11.4.jar:1.11.4]
	at org.junit.platform.engine.support.hierarchical.SameThreadHierarchicalTestExecutorService.submit(SameThreadHierarchicalTestExecutorService.java:35) ~[junit-platform-engine-1.11.4.jar:1.11.4]
	at org.junit.platform.engine.support.hierarchical.HierarchicalTestExecutor.execute(HierarchicalTestExecutor.java:57) ~[junit-platform-engine-1.11.4.jar:1.11.4]
	at org.junit.platform.engine.support.hierarchical.HierarchicalTestEngine.execute(HierarchicalTestEngine.java:54) ~[junit-platform-engine-1.11.4.jar:1.11.4]
	at org.junit.platform.launcher.core.EngineExecutionOrchestrator.execute(EngineExecutionOrchestrator.java:198) ~[junit-platform-launcher-1.11.4.jar:1.11.4]
	at org.junit.platform.launcher.core.EngineExecutionOrchestrator.execute(EngineExecutionOrchestrator.java:169) ~[junit-platform-launcher-1.11.4.jar:1.11.4]
	at org.junit.platform.launcher.core.EngineExecutionOrchestrator.execute(EngineExecutionOrchestrator.java:93) ~[junit-platform-launcher-1.11.4.jar:1.11.4]
	at org.junit.platform.launcher.core.EngineExecutionOrchestrator.lambda$execute$0(EngineExecutionOrchestrator.java:58) ~[junit-platform-launcher-1.11.4.jar:1.11.4]
	at org.junit.platform.launcher.core.EngineExecutionOrchestrator.withInterceptedStreams(EngineExecutionOrchestrator.java:141) ~[junit-platform-launcher-1.11.4.jar:1.11.4]
	at org.junit.platform.launcher.core.EngineExecutionOrchestrator.execute(EngineExecutionOrchestrator.java:57) ~[junit-platform-launcher-1.11.4.jar:1.11.4]
	at org.junit.platform.launcher.core.DefaultLauncher.execute(DefaultLauncher.java:103) ~[junit-platform-launcher-1.11.4.jar:1.11.4]
	at org.junit.platform.launcher.core.DefaultLauncher.execute(DefaultLauncher.java:85) ~[junit-platform-launcher-1.11.4.jar:1.11.4]
	at org.junit.platform.launcher.core.DelegatingLauncher.execute(DelegatingLauncher.java:47) ~[junit-platform-launcher-1.11.4.jar:1.11.4]
	at org.apache.maven.surefire.junitplatform.LazyLauncher.execute(LazyLauncher.java:56) ~[surefire-junit-platform-3.5.2.jar:3.5.2]
	at org.apache.maven.surefire.junitplatform.JUnitPlatformProvider.execute(JUnitPlatformProvider.java:184) ~[surefire-junit-platform-3.5.2.jar:3.5.2]
	at org.apache.maven.surefire.junitplatform.JUnitPlatformProvider.invokeAllTests(JUnitPlatformProvider.java:148) ~[surefire-junit-platform-3.5.2.jar:3.5.2]
	at org.apache.maven.surefire.junitplatform.JUnitPlatformProvider.invoke(JUnitPlatformProvider.java:122) ~[surefire-junit-platform-3.5.2.jar:3.5.2]
	at org.apache.maven.surefire.booter.ForkedBooter.runSuitesInProcess(ForkedBooter.java:385) ~[surefire-booter-3.5.2.jar:3.5.2]
	at org.apache.maven.surefire.booter.ForkedBooter.execute(ForkedBooter.java:162) ~[surefire-booter-3.5.2.jar:3.5.2]
	at org.apache.maven.surefire.booter.ForkedBooter.run(ForkedBooter.java:507) ~[surefire-booter-3.5.2.jar:3.5.2]
	at org.apache.maven.surefire.booter.ForkedBooter.main(ForkedBooter.java:495) ~[surefire-booter-3.5.2.jar:3.5.2]

2025-03-23T23:03:04.422+03:00  INFO 40692 --- [payment-billing-service] [main] t.c.s.AnnotationConfigContextLoaderUtils : Could not detect default configuration classes for test class [com.aston.paymentbillingservice.repository.PaymentRepositoryTest]: PaymentRepositoryTest does not declare any static, non-private, non-final, nested classes annotated with @Configuration.
2025-03-23T23:03:04.440+03:00  INFO 40692 --- [payment-billing-service] [main] .b.t.c.SpringBootTestContextBootstrapper : Found @SpringBootConfiguration com.aston.paymentbillingservice.PaymentBillingServiceApplication for test class com.aston.paymentbillingservice.repository.PaymentRepositoryTest
2025-03-23T23:03:04.443+03:00  WARN 40692 --- [payment-billing-service] [main] o.s.test.context.TestContextManager      : Caught exception while allowing TestExecutionListener [org.springframework.test.context.support.DependencyInjectionTestExecutionListener] to prepare test instance [com.aston.paymentbillingservice.repository.PaymentRepositoryTest@7535f28]

java.lang.IllegalStateException: ApplicationContext failure threshold (1) exceeded: skipping repeated attempt to load context for [MergedContextConfiguration@2cacd55e testClass = com.aston.paymentbillingservice.repository.PaymentRepositoryTest, locations = [], classes = [com.aston.paymentbillingservice.PaymentBillingServiceApplication], contextInitializerClasses = [], activeProfiles = ["test"], propertySourceDescriptors = [], propertySourceProperties = ["org.springframework.boot.test.autoconfigure.orm.jpa.DataJpaTestContextBootstrapper=true"], contextCustomizers = [[ImportsContextCustomizer@2ba9f743 key = [org.springframework.boot.autoconfigure.transaction.TransactionAutoConfiguration, org.springframework.boot.autoconfigure.data.jpa.JpaRepositoriesAutoConfiguration, org.springframework.boot.test.autoconfigure.orm.jpa.TestEntityManagerAutoConfiguration, org.springframework.boot.autoconfigure.cache.CacheAutoConfiguration, org.springframework.boot.autoconfigure.orm.jpa.HibernateJpaAutoConfiguration, org.springframework.boot.autoconfigure.sql.init.SqlInitializationAutoConfiguration, org.springframework.boot.test.autoconfigure.jdbc.TestDatabaseAutoConfiguration, org.springframework.boot.autoconfigure.flyway.FlywayAutoConfiguration, org.springframework.boot.autoconfigure.jdbc.DataSourceTransactionManagerAutoConfiguration, org.springframework.boot.autoconfigure.liquibase.LiquibaseAutoConfiguration, org.springframework.boot.autoconfigure.jdbc.JdbcClientAutoConfiguration, org.springframework.boot.autoconfigure.jdbc.DataSourceAutoConfiguration, org.springframework.boot.autoconfigure.jdbc.JdbcTemplateAutoConfiguration]], org.springframework.boot.test.context.filter.ExcludeFilterContextCustomizer@7159a5cd, org.springframework.boot.test.json.DuplicateJsonObjectContextCustomizerFactory$DuplicateJsonObjectContextCustomizer@4ca8dbfa, org.springframework.boot.test.mock.mockito.MockitoContextCustomizer@0, org.springframework.boot.test.web.reactor.netty.DisableReactorResourceFactoryGlobalResourcesContextCustomizerFactory$DisableReactorResourceFactoryGlobalResourcesContextCustomizerCustomizer@36b310aa, org.springframework.boot.test.autoconfigure.OnFailureConditionReportContextCustomizerFactory$OnFailureConditionReportContextCustomizer@5d7835a8, org.springframework.boot.test.autoconfigure.OverrideAutoConfigurationContextCustomizerFactory$DisableAutoConfigurationContextCustomizer@6940f685, org.springframework.boot.test.autoconfigure.actuate.observability.ObservabilityContextCustomizerFactory$DisableObservabilityContextCustomizer@1f, org.springframework.boot.test.autoconfigure.filter.TypeExcludeFiltersContextCustomizer@34be3d80, org.springframework.boot.test.autoconfigure.properties.PropertyMappingContextCustomizer@e3f01b0a, org.springframework.boot.test.autoconfigure.web.servlet.WebDriverContextCustomizer@7026b7ee, org.springframework.test.context.support.DynamicPropertiesContextCustomizer@0, org.springframework.boot.test.context.SpringBootTestAnnotation@ce303da1], contextLoader = org.springframework.boot.test.context.SpringBootContextLoader, parent = null]
	at org.springframework.test.context.cache.DefaultCacheAwareContextLoaderDelegate.loadContext(DefaultCacheAwareContextLoaderDelegate.java:145) ~[spring-test-6.2.3.jar:6.2.3]
	at org.springframework.test.context.support.DefaultTestContext.getApplicationContext(DefaultTestContext.java:130) ~[spring-test-6.2.3.jar:6.2.3]
	at org.springframework.test.context.support.DependencyInjectionTestExecutionListener.injectDependencies(DependencyInjectionTestExecutionListener.java:155) ~[spring-test-6.2.3.jar:6.2.3]
	at org.springframework.test.context.support.DependencyInjectionTestExecutionListener.prepareTestInstance(DependencyInjectionTestExecutionListener.java:111) ~[spring-test-6.2.3.jar:6.2.3]
	at org.springframework.test.context.TestContextManager.prepareTestInstance(TestContextManager.java:260) ~[spring-test-6.2.3.jar:6.2.3]
	at org.springframework.test.context.junit.jupiter.SpringExtension.postProcessTestInstance(SpringExtension.java:160) ~[spring-test-6.2.3.jar:6.2.3]
	at org.junit.jupiter.engine.descriptor.ClassBasedTestDescriptor.lambda$invokeTestInstancePostProcessors$11(ClassBasedTestDescriptor.java:378) ~[junit-jupiter-engine-5.11.4.jar:5.11.4]
	at org.junit.jupiter.engine.descriptor.ClassBasedTestDescriptor.executeAndMaskThrowable(ClassBasedTestDescriptor.java:383) ~[junit-jupiter-engine-5.11.4.jar:5.11.4]
	at org.junit.jupiter.engine.descriptor.ClassBasedTestDescriptor.lambda$invokeTestInstancePostProcessors$12(ClassBasedTestDescriptor.java:378) ~[junit-jupiter-engine-5.11.4.jar:5.11.4]
	at java.base/java.util.stream.ForEachOps$ForEachOp$OfRef.accept(ForEachOps.java:183) ~[na:na]
	at java.base/java.util.stream.ReferencePipeline$3$1.accept(ReferencePipeline.java:197) ~[na:na]
	at java.base/java.util.stream.ReferencePipeline$2$1.accept(ReferencePipeline.java:179) ~[na:na]
	at java.base/java.util.stream.ReferencePipeline$3$1.accept(ReferencePipeline.java:197) ~[na:na]
	at java.base/java.util.ArrayList$ArrayListSpliterator.forEachRemaining(ArrayList.java:1625) ~[na:na]
	at java.base/java.util.stream.AbstractPipeline.copyInto(AbstractPipeline.java:509) ~[na:na]
	at java.base/java.util.stream.AbstractPipeline.wrapAndCopyInto(AbstractPipeline.java:499) ~[na:na]
	at java.base/java.util.stream.ForEachOps$ForEachOp.evaluateSequential(ForEachOps.java:150) ~[na:na]
	at java.base/java.util.stream.ForEachOps$ForEachOp$OfRef.evaluateSequential(ForEachOps.java:173) ~[na:na]
	at java.base/java.util.stream.AbstractPipeline.evaluate(AbstractPipeline.java:234) ~[na:na]
	at java.base/java.util.stream.ReferencePipeline.forEach(ReferencePipeline.java:596) ~[na:na]
	at org.junit.jupiter.engine.descriptor.ClassBasedTestDescriptor.invokeTestInstancePostProcessors(ClassBasedTestDescriptor.java:377) ~[junit-jupiter-engine-5.11.4.jar:5.11.4]
	at org.junit.jupiter.engine.descriptor.ClassBasedTestDescriptor.lambda$instantiateAndPostProcessTestInstance$7(ClassBasedTestDescriptor.java:290) ~[junit-jupiter-engine-5.11.4.jar:5.11.4]
	at org.junit.platform.engine.support.hierarchical.ThrowableCollector.execute(ThrowableCollector.java:73) ~[junit-platform-engine-1.11.4.jar:1.11.4]
	at org.junit.jupiter.engine.descriptor.ClassBasedTestDescriptor.instantiateAndPostProcessTestInstance(ClassBasedTestDescriptor.java:289) ~[junit-jupiter-engine-5.11.4.jar:5.11.4]
	at org.junit.jupiter.engine.descriptor.ClassBasedTestDescriptor.lambda$testInstancesProvider$5(ClassBasedTestDescriptor.java:279) ~[junit-jupiter-engine-5.11.4.jar:5.11.4]
	at java.base/java.util.Optional.orElseGet(Optional.java:364) ~[na:na]
	at org.junit.jupiter.engine.descriptor.ClassBasedTestDescriptor.lambda$testInstancesProvider$6(ClassBasedTestDescriptor.java:278) ~[junit-jupiter-engine-5.11.4.jar:5.11.4]
	at org.junit.jupiter.engine.execution.TestInstancesProvider.getTestInstances(TestInstancesProvider.java:31) ~[junit-jupiter-engine-5.11.4.jar:5.11.4]
	at org.junit.jupiter.engine.descriptor.TestMethodTestDescriptor.lambda$prepare$1(TestMethodTestDescriptor.java:105) ~[junit-jupiter-engine-5.11.4.jar:5.11.4]
	at org.junit.platform.engine.support.hierarchical.ThrowableCollector.execute(ThrowableCollector.java:73) ~[junit-platform-engine-1.11.4.jar:1.11.4]
	at org.junit.jupiter.engine.descriptor.TestMethodTestDescriptor.prepare(TestMethodTestDescriptor.java:104) ~[junit-jupiter-engine-5.11.4.jar:5.11.4]
	at org.junit.jupiter.engine.descriptor.TestMethodTestDescriptor.prepare(TestMethodTestDescriptor.java:68) ~[junit-jupiter-engine-5.11.4.jar:5.11.4]
	at org.junit.platform.engine.support.hierarchical.NodeTestTask.lambda$prepare$2(NodeTestTask.java:128) ~[junit-platform-engine-1.11.4.jar:1.11.4]
	at org.junit.platform.engine.support.hierarchical.ThrowableCollector.execute(ThrowableCollector.java:73) ~[junit-platform-engine-1.11.4.jar:1.11.4]
	at org.junit.platform.engine.support.hierarchical.NodeTestTask.prepare(NodeTestTask.java:128) ~[junit-platform-engine-1.11.4.jar:1.11.4]
	at org.junit.platform.engine.support.hierarchical.NodeTestTask.execute(NodeTestTask.java:95) ~[junit-platform-engine-1.11.4.jar:1.11.4]
	at java.base/java.util.ArrayList.forEach(ArrayList.java:1511) ~[na:na]
	at org.junit.platform.engine.support.hierarchical.SameThreadHierarchicalTestExecutorService.invokeAll(SameThreadHierarchicalTestExecutorService.java:41) ~[junit-platform-engine-1.11.4.jar:1.11.4]
	at org.junit.platform.engine.support.hierarchical.NodeTestTask.lambda$executeRecursively$6(NodeTestTask.java:160) ~[junit-platform-engine-1.11.4.jar:1.11.4]
	at org.junit.platform.engine.support.hierarchical.ThrowableCollector.execute(ThrowableCollector.java:73) ~[junit-platform-engine-1.11.4.jar:1.11.4]
	at org.junit.platform.engine.support.hierarchical.NodeTestTask.lambda$executeRecursively$8(NodeTestTask.java:146) ~[junit-platform-engine-1.11.4.jar:1.11.4]
	at org.junit.platform.engine.support.hierarchical.Node.around(Node.java:137) ~[junit-platform-engine-1.11.4.jar:1.11.4]
	at org.junit.platform.engine.support.hierarchical.NodeTestTask.lambda$executeRecursively$9(NodeTestTask.java:144) ~[junit-platform-engine-1.11.4.jar:1.11.4]
	at org.junit.platform.engine.support.hierarchical.ThrowableCollector.execute(ThrowableCollector.java:73) ~[junit-platform-engine-1.11.4.jar:1.11.4]
	at org.junit.platform.engine.support.hierarchical.NodeTestTask.executeRecursively(NodeTestTask.java:143) ~[junit-platform-engine-1.11.4.jar:1.11.4]
	at org.junit.platform.engine.support.hierarchical.NodeTestTask.execute(NodeTestTask.java:100) ~[junit-platform-engine-1.11.4.jar:1.11.4]
	at java.base/java.util.ArrayList.forEach(ArrayList.java:1511) ~[na:na]
	at org.junit.platform.engine.support.hierarchical.SameThreadHierarchicalTestExecutorService.invokeAll(SameThreadHierarchicalTestExecutorService.java:41) ~[junit-platform-engine-1.11.4.jar:1.11.4]
	at org.junit.platform.engine.support.hierarchical.NodeTestTask.lambda$executeRecursively$6(NodeTestTask.java:160) ~[junit-platform-engine-1.11.4.jar:1.11.4]
	at org.junit.platform.engine.support.hierarchical.ThrowableCollector.execute(ThrowableCollector.java:73) ~[junit-platform-engine-1.11.4.jar:1.11.4]
	at org.junit.platform.engine.support.hierarchical.NodeTestTask.lambda$executeRecursively$8(NodeTestTask.java:146) ~[junit-platform-engine-1.11.4.jar:1.11.4]
	at org.junit.platform.engine.support.hierarchical.Node.around(Node.java:137) ~[junit-platform-engine-1.11.4.jar:1.11.4]
	at org.junit.platform.engine.support.hierarchical.NodeTestTask.lambda$executeRecursively$9(NodeTestTask.java:144) ~[junit-platform-engine-1.11.4.jar:1.11.4]
	at org.junit.platform.engine.support.hierarchical.ThrowableCollector.execute(ThrowableCollector.java:73) ~[junit-platform-engine-1.11.4.jar:1.11.4]
	at org.junit.platform.engine.support.hierarchical.NodeTestTask.executeRecursively(NodeTestTask.java:143) ~[junit-platform-engine-1.11.4.jar:1.11.4]
	at org.junit.platform.engine.support.hierarchical.NodeTestTask.execute(NodeTestTask.java:100) ~[junit-platform-engine-1.11.4.jar:1.11.4]
	at org.junit.platform.engine.support.hierarchical.SameThreadHierarchicalTestExecutorService.submit(SameThreadHierarchicalTestExecutorService.java:35) ~[junit-platform-engine-1.11.4.jar:1.11.4]
	at org.junit.platform.engine.support.hierarchical.HierarchicalTestExecutor.execute(HierarchicalTestExecutor.java:57) ~[junit-platform-engine-1.11.4.jar:1.11.4]
	at org.junit.platform.engine.support.hierarchical.HierarchicalTestEngine.execute(HierarchicalTestEngine.java:54) ~[junit-platform-engine-1.11.4.jar:1.11.4]
	at org.junit.platform.launcher.core.EngineExecutionOrchestrator.execute(EngineExecutionOrchestrator.java:198) ~[junit-platform-launcher-1.11.4.jar:1.11.4]
	at org.junit.platform.launcher.core.EngineExecutionOrchestrator.execute(EngineExecutionOrchestrator.java:169) ~[junit-platform-launcher-1.11.4.jar:1.11.4]
	at org.junit.platform.launcher.core.EngineExecutionOrchestrator.execute(EngineExecutionOrchestrator.java:93) ~[junit-platform-launcher-1.11.4.jar:1.11.4]
	at org.junit.platform.launcher.core.EngineExecutionOrchestrator.lambda$execute$0(EngineExecutionOrchestrator.java:58) ~[junit-platform-launcher-1.11.4.jar:1.11.4]
	at org.junit.platform.launcher.core.EngineExecutionOrchestrator.withInterceptedStreams(EngineExecutionOrchestrator.java:141) ~[junit-platform-launcher-1.11.4.jar:1.11.4]
	at org.junit.platform.launcher.core.EngineExecutionOrchestrator.execute(EngineExecutionOrchestrator.java:57) ~[junit-platform-launcher-1.11.4.jar:1.11.4]
	at org.junit.platform.launcher.core.DefaultLauncher.execute(DefaultLauncher.java:103) ~[junit-platform-launcher-1.11.4.jar:1.11.4]
	at org.junit.platform.launcher.core.DefaultLauncher.execute(DefaultLauncher.java:85) ~[junit-platform-launcher-1.11.4.jar:1.11.4]
	at org.junit.platform.launcher.core.DelegatingLauncher.execute(DelegatingLauncher.java:47) ~[junit-platform-launcher-1.11.4.jar:1.11.4]
	at org.apache.maven.surefire.junitplatform.LazyLauncher.execute(LazyLauncher.java:56) ~[surefire-junit-platform-3.5.2.jar:3.5.2]
	at org.apache.maven.surefire.junitplatform.JUnitPlatformProvider.execute(JUnitPlatformProvider.java:184) ~[surefire-junit-platform-3.5.2.jar:3.5.2]
	at org.apache.maven.surefire.junitplatform.JUnitPlatformProvider.invokeAllTests(JUnitPlatformProvider.java:148) ~[surefire-junit-platform-3.5.2.jar:3.5.2]
	at org.apache.maven.surefire.junitplatform.JUnitPlatformProvider.invoke(JUnitPlatformProvider.java:122) ~[surefire-junit-platform-3.5.2.jar:3.5.2]
	at org.apache.maven.surefire.booter.ForkedBooter.runSuitesInProcess(ForkedBooter.java:385) ~[surefire-booter-3.5.2.jar:3.5.2]
	at org.apache.maven.surefire.booter.ForkedBooter.execute(ForkedBooter.java:162) ~[surefire-booter-3.5.2.jar:3.5.2]
	at org.apache.maven.surefire.booter.ForkedBooter.run(ForkedBooter.java:507) ~[surefire-booter-3.5.2.jar:3.5.2]
	at org.apache.maven.surefire.booter.ForkedBooter.main(ForkedBooter.java:495) ~[surefire-booter-3.5.2.jar:3.5.2]

2025-03-23T23:03:04.450+03:00  WARN 40692 --- [payment-billing-service] [main] o.s.test.context.TestContextManager      : Caught exception while allowing TestExecutionListener [org.springframework.test.context.support.DependencyInjectionTestExecutionListener] to prepare test instance [com.aston.paymentbillingservice.repository.PaymentRepositoryTest@3f3a6091]

java.lang.IllegalStateException: ApplicationContext failure threshold (1) exceeded: skipping repeated attempt to load context for [MergedContextConfiguration@2cacd55e testClass = com.aston.paymentbillingservice.repository.PaymentRepositoryTest, locations = [], classes = [com.aston.paymentbillingservice.PaymentBillingServiceApplication], contextInitializerClasses = [], activeProfiles = ["test"], propertySourceDescriptors = [], propertySourceProperties = ["org.springframework.boot.test.autoconfigure.orm.jpa.DataJpaTestContextBootstrapper=true"], contextCustomizers = [[ImportsContextCustomizer@2ba9f743 key = [org.springframework.boot.autoconfigure.transaction.TransactionAutoConfiguration, org.springframework.boot.autoconfigure.data.jpa.JpaRepositoriesAutoConfiguration, org.springframework.boot.test.autoconfigure.orm.jpa.TestEntityManagerAutoConfiguration, org.springframework.boot.autoconfigure.cache.CacheAutoConfiguration, org.springframework.boot.autoconfigure.orm.jpa.HibernateJpaAutoConfiguration, org.springframework.boot.autoconfigure.sql.init.SqlInitializationAutoConfiguration, org.springframework.boot.test.autoconfigure.jdbc.TestDatabaseAutoConfiguration, org.springframework.boot.autoconfigure.flyway.FlywayAutoConfiguration, org.springframework.boot.autoconfigure.jdbc.DataSourceTransactionManagerAutoConfiguration, org.springframework.boot.autoconfigure.liquibase.LiquibaseAutoConfiguration, org.springframework.boot.autoconfigure.jdbc.JdbcClientAutoConfiguration, org.springframework.boot.autoconfigure.jdbc.DataSourceAutoConfiguration, org.springframework.boot.autoconfigure.jdbc.JdbcTemplateAutoConfiguration]], org.springframework.boot.test.context.filter.ExcludeFilterContextCustomizer@7159a5cd, org.springframework.boot.test.json.DuplicateJsonObjectContextCustomizerFactory$DuplicateJsonObjectContextCustomizer@4ca8dbfa, org.springframework.boot.test.mock.mockito.MockitoContextCustomizer@0, org.springframework.boot.test.web.reactor.netty.DisableReactorResourceFactoryGlobalResourcesContextCustomizerFactory$DisableReactorResourceFactoryGlobalResourcesContextCustomizerCustomizer@36b310aa, org.springframework.boot.test.autoconfigure.OnFailureConditionReportContextCustomizerFactory$OnFailureConditionReportContextCustomizer@5d7835a8, org.springframework.boot.test.autoconfigure.OverrideAutoConfigurationContextCustomizerFactory$DisableAutoConfigurationContextCustomizer@6940f685, org.springframework.boot.test.autoconfigure.actuate.observability.ObservabilityContextCustomizerFactory$DisableObservabilityContextCustomizer@1f, org.springframework.boot.test.autoconfigure.filter.TypeExcludeFiltersContextCustomizer@34be3d80, org.springframework.boot.test.autoconfigure.properties.PropertyMappingContextCustomizer@e3f01b0a, org.springframework.boot.test.autoconfigure.web.servlet.WebDriverContextCustomizer@7026b7ee, org.springframework.test.context.support.DynamicPropertiesContextCustomizer@0, org.springframework.boot.test.context.SpringBootTestAnnotation@ce303da1], contextLoader = org.springframework.boot.test.context.SpringBootContextLoader, parent = null]
	at org.springframework.test.context.cache.DefaultCacheAwareContextLoaderDelegate.loadContext(DefaultCacheAwareContextLoaderDelegate.java:145) ~[spring-test-6.2.3.jar:6.2.3]
	at org.springframework.test.context.support.DefaultTestContext.getApplicationContext(DefaultTestContext.java:130) ~[spring-test-6.2.3.jar:6.2.3]
	at org.springframework.test.context.support.DependencyInjectionTestExecutionListener.injectDependencies(DependencyInjectionTestExecutionListener.java:155) ~[spring-test-6.2.3.jar:6.2.3]
	at org.springframework.test.context.support.DependencyInjectionTestExecutionListener.prepareTestInstance(DependencyInjectionTestExecutionListener.java:111) ~[spring-test-6.2.3.jar:6.2.3]
	at org.springframework.test.context.TestContextManager.prepareTestInstance(TestContextManager.java:260) ~[spring-test-6.2.3.jar:6.2.3]
	at org.springframework.test.context.junit.jupiter.SpringExtension.postProcessTestInstance(SpringExtension.java:160) ~[spring-test-6.2.3.jar:6.2.3]
	at org.junit.jupiter.engine.descriptor.ClassBasedTestDescriptor.lambda$invokeTestInstancePostProcessors$11(ClassBasedTestDescriptor.java:378) ~[junit-jupiter-engine-5.11.4.jar:5.11.4]
	at org.junit.jupiter.engine.descriptor.ClassBasedTestDescriptor.executeAndMaskThrowable(ClassBasedTestDescriptor.java:383) ~[junit-jupiter-engine-5.11.4.jar:5.11.4]
	at org.junit.jupiter.engine.descriptor.ClassBasedTestDescriptor.lambda$invokeTestInstancePostProcessors$12(ClassBasedTestDescriptor.java:378) ~[junit-jupiter-engine-5.11.4.jar:5.11.4]
	at java.base/java.util.stream.ForEachOps$ForEachOp$OfRef.accept(ForEachOps.java:183) ~[na:na]
	at java.base/java.util.stream.ReferencePipeline$3$1.accept(ReferencePipeline.java:197) ~[na:na]
	at java.base/java.util.stream.ReferencePipeline$2$1.accept(ReferencePipeline.java:179) ~[na:na]
	at java.base/java.util.stream.ReferencePipeline$3$1.accept(ReferencePipeline.java:197) ~[na:na]
	at java.base/java.util.ArrayList$ArrayListSpliterator.forEachRemaining(ArrayList.java:1625) ~[na:na]
	at java.base/java.util.stream.AbstractPipeline.copyInto(AbstractPipeline.java:509) ~[na:na]
	at java.base/java.util.stream.AbstractPipeline.wrapAndCopyInto(AbstractPipeline.java:499) ~[na:na]
	at java.base/java.util.stream.ForEachOps$ForEachOp.evaluateSequential(ForEachOps.java:150) ~[na:na]
	at java.base/java.util.stream.ForEachOps$ForEachOp$OfRef.evaluateSequential(ForEachOps.java:173) ~[na:na]
	at java.base/java.util.stream.AbstractPipeline.evaluate(AbstractPipeline.java:234) ~[na:na]
	at java.base/java.util.stream.ReferencePipeline.forEach(ReferencePipeline.java:596) ~[na:na]
	at org.junit.jupiter.engine.descriptor.ClassBasedTestDescriptor.invokeTestInstancePostProcessors(ClassBasedTestDescriptor.java:377) ~[junit-jupiter-engine-5.11.4.jar:5.11.4]
	at org.junit.jupiter.engine.descriptor.ClassBasedTestDescriptor.lambda$instantiateAndPostProcessTestInstance$7(ClassBasedTestDescriptor.java:290) ~[junit-jupiter-engine-5.11.4.jar:5.11.4]
	at org.junit.platform.engine.support.hierarchical.ThrowableCollector.execute(ThrowableCollector.java:73) ~[junit-platform-engine-1.11.4.jar:1.11.4]
	at org.junit.jupiter.engine.descriptor.ClassBasedTestDescriptor.instantiateAndPostProcessTestInstance(ClassBasedTestDescriptor.java:289) ~[junit-jupiter-engine-5.11.4.jar:5.11.4]
	at org.junit.jupiter.engine.descriptor.ClassBasedTestDescriptor.lambda$testInstancesProvider$5(ClassBasedTestDescriptor.java:279) ~[junit-jupiter-engine-5.11.4.jar:5.11.4]
	at java.base/java.util.Optional.orElseGet(Optional.java:364) ~[na:na]
	at org.junit.jupiter.engine.descriptor.ClassBasedTestDescriptor.lambda$testInstancesProvider$6(ClassBasedTestDescriptor.java:278) ~[junit-jupiter-engine-5.11.4.jar:5.11.4]
	at org.junit.jupiter.engine.execution.TestInstancesProvider.getTestInstances(TestInstancesProvider.java:31) ~[junit-jupiter-engine-5.11.4.jar:5.11.4]
	at org.junit.jupiter.engine.descriptor.TestMethodTestDescriptor.lambda$prepare$1(TestMethodTestDescriptor.java:105) ~[junit-jupiter-engine-5.11.4.jar:5.11.4]
	at org.junit.platform.engine.support.hierarchical.ThrowableCollector.execute(ThrowableCollector.java:73) ~[junit-platform-engine-1.11.4.jar:1.11.4]
	at org.junit.jupiter.engine.descriptor.TestMethodTestDescriptor.prepare(TestMethodTestDescriptor.java:104) ~[junit-jupiter-engine-5.11.4.jar:5.11.4]
	at org.junit.jupiter.engine.descriptor.TestMethodTestDescriptor.prepare(TestMethodTestDescriptor.java:68) ~[junit-jupiter-engine-5.11.4.jar:5.11.4]
	at org.junit.platform.engine.support.hierarchical.NodeTestTask.lambda$prepare$2(NodeTestTask.java:128) ~[junit-platform-engine-1.11.4.jar:1.11.4]
	at org.junit.platform.engine.support.hierarchical.ThrowableCollector.execute(ThrowableCollector.java:73) ~[junit-platform-engine-1.11.4.jar:1.11.4]
	at org.junit.platform.engine.support.hierarchical.NodeTestTask.prepare(NodeTestTask.java:128) ~[junit-platform-engine-1.11.4.jar:1.11.4]
	at org.junit.platform.engine.support.hierarchical.NodeTestTask.execute(NodeTestTask.java:95) ~[junit-platform-engine-1.11.4.jar:1.11.4]
	at java.base/java.util.ArrayList.forEach(ArrayList.java:1511) ~[na:na]
	at org.junit.platform.engine.support.hierarchical.SameThreadHierarchicalTestExecutorService.invokeAll(SameThreadHierarchicalTestExecutorService.java:41) ~[junit-platform-engine-1.11.4.jar:1.11.4]
	at org.junit.platform.engine.support.hierarchical.NodeTestTask.lambda$executeRecursively$6(NodeTestTask.java:160) ~[junit-platform-engine-1.11.4.jar:1.11.4]
	at org.junit.platform.engine.support.hierarchical.ThrowableCollector.execute(ThrowableCollector.java:73) ~[junit-platform-engine-1.11.4.jar:1.11.4]
	at org.junit.platform.engine.support.hierarchical.NodeTestTask.lambda$executeRecursively$8(NodeTestTask.java:146) ~[junit-platform-engine-1.11.4.jar:1.11.4]
	at org.junit.platform.engine.support.hierarchical.Node.around(Node.java:137) ~[junit-platform-engine-1.11.4.jar:1.11.4]
	at org.junit.platform.engine.support.hierarchical.NodeTestTask.lambda$executeRecursively$9(NodeTestTask.java:144) ~[junit-platform-engine-1.11.4.jar:1.11.4]
	at org.junit.platform.engine.support.hierarchical.ThrowableCollector.execute(ThrowableCollector.java:73) ~[junit-platform-engine-1.11.4.jar:1.11.4]
	at org.junit.platform.engine.support.hierarchical.NodeTestTask.executeRecursively(NodeTestTask.java:143) ~[junit-platform-engine-1.11.4.jar:1.11.4]
	at org.junit.platform.engine.support.hierarchical.NodeTestTask.execute(NodeTestTask.java:100) ~[junit-platform-engine-1.11.4.jar:1.11.4]
	at java.base/java.util.ArrayList.forEach(ArrayList.java:1511) ~[na:na]
	at org.junit.platform.engine.support.hierarchical.SameThreadHierarchicalTestExecutorService.invokeAll(SameThreadHierarchicalTestExecutorService.java:41) ~[junit-platform-engine-1.11.4.jar:1.11.4]
	at org.junit.platform.engine.support.hierarchical.NodeTestTask.lambda$executeRecursively$6(NodeTestTask.java:160) ~[junit-platform-engine-1.11.4.jar:1.11.4]
	at org.junit.platform.engine.support.hierarchical.ThrowableCollector.execute(ThrowableCollector.java:73) ~[junit-platform-engine-1.11.4.jar:1.11.4]
	at org.junit.platform.engine.support.hierarchical.NodeTestTask.lambda$executeRecursively$8(NodeTestTask.java:146) ~[junit-platform-engine-1.11.4.jar:1.11.4]
	at org.junit.platform.engine.support.hierarchical.Node.around(Node.java:137) ~[junit-platform-engine-1.11.4.jar:1.11.4]
	at org.junit.platform.engine.support.hierarchical.NodeTestTask.lambda$executeRecursively$9(NodeTestTask.java:144) ~[junit-platform-engine-1.11.4.jar:1.11.4]
	at org.junit.platform.engine.support.hierarchical.ThrowableCollector.execute(ThrowableCollector.java:73) ~[junit-platform-engine-1.11.4.jar:1.11.4]
	at org.junit.platform.engine.support.hierarchical.NodeTestTask.executeRecursively(NodeTestTask.java:143) ~[junit-platform-engine-1.11.4.jar:1.11.4]
	at org.junit.platform.engine.support.hierarchical.NodeTestTask.execute(NodeTestTask.java:100) ~[junit-platform-engine-1.11.4.jar:1.11.4]
	at org.junit.platform.engine.support.hierarchical.SameThreadHierarchicalTestExecutorService.submit(SameThreadHierarchicalTestExecutorService.java:35) ~[junit-platform-engine-1.11.4.jar:1.11.4]
	at org.junit.platform.engine.support.hierarchical.HierarchicalTestExecutor.execute(HierarchicalTestExecutor.java:57) ~[junit-platform-engine-1.11.4.jar:1.11.4]
	at org.junit.platform.engine.support.hierarchical.HierarchicalTestEngine.execute(HierarchicalTestEngine.java:54) ~[junit-platform-engine-1.11.4.jar:1.11.4]
	at org.junit.platform.launcher.core.EngineExecutionOrchestrator.execute(EngineExecutionOrchestrator.java:198) ~[junit-platform-launcher-1.11.4.jar:1.11.4]
	at org.junit.platform.launcher.core.EngineExecutionOrchestrator.execute(EngineExecutionOrchestrator.java:169) ~[junit-platform-launcher-1.11.4.jar:1.11.4]
	at org.junit.platform.launcher.core.EngineExecutionOrchestrator.execute(EngineExecutionOrchestrator.java:93) ~[junit-platform-launcher-1.11.4.jar:1.11.4]
	at org.junit.platform.launcher.core.EngineExecutionOrchestrator.lambda$execute$0(EngineExecutionOrchestrator.java:58) ~[junit-platform-launcher-1.11.4.jar:1.11.4]
	at org.junit.platform.launcher.core.EngineExecutionOrchestrator.withInterceptedStreams(EngineExecutionOrchestrator.java:141) ~[junit-platform-launcher-1.11.4.jar:1.11.4]
	at org.junit.platform.launcher.core.EngineExecutionOrchestrator.execute(EngineExecutionOrchestrator.java:57) ~[junit-platform-launcher-1.11.4.jar:1.11.4]
	at org.junit.platform.launcher.core.DefaultLauncher.execute(DefaultLauncher.java:103) ~[junit-platform-launcher-1.11.4.jar:1.11.4]
	at org.junit.platform.launcher.core.DefaultLauncher.execute(DefaultLauncher.java:85) ~[junit-platform-launcher-1.11.4.jar:1.11.4]
	at org.junit.platform.launcher.core.DelegatingLauncher.execute(DelegatingLauncher.java:47) ~[junit-platform-launcher-1.11.4.jar:1.11.4]
	at org.apache.maven.surefire.junitplatform.LazyLauncher.execute(LazyLauncher.java:56) ~[surefire-junit-platform-3.5.2.jar:3.5.2]
	at org.apache.maven.surefire.junitplatform.JUnitPlatformProvider.execute(JUnitPlatformProvider.java:184) ~[surefire-junit-platform-3.5.2.jar:3.5.2]
	at org.apache.maven.surefire.junitplatform.JUnitPlatformProvider.invokeAllTests(JUnitPlatformProvider.java:148) ~[surefire-junit-platform-3.5.2.jar:3.5.2]
	at org.apache.maven.surefire.junitplatform.JUnitPlatformProvider.invoke(JUnitPlatformProvider.java:122) ~[surefire-junit-platform-3.5.2.jar:3.5.2]
	at org.apache.maven.surefire.booter.ForkedBooter.runSuitesInProcess(ForkedBooter.java:385) ~[surefire-booter-3.5.2.jar:3.5.2]
	at org.apache.maven.surefire.booter.ForkedBooter.execute(ForkedBooter.java:162) ~[surefire-booter-3.5.2.jar:3.5.2]
	at org.apache.maven.surefire.booter.ForkedBooter.run(ForkedBooter.java:507) ~[surefire-booter-3.5.2.jar:3.5.2]
	at org.apache.maven.surefire.booter.ForkedBooter.main(ForkedBooter.java:495) ~[surefire-booter-3.5.2.jar:3.5.2]

2025-03-23T23:03:04.454+03:00  WARN 40692 --- [payment-billing-service] [main] o.s.test.context.TestContextManager      : Caught exception while allowing TestExecutionListener [org.springframework.test.context.support.DependencyInjectionTestExecutionListener] to prepare test instance [com.aston.paymentbillingservice.repository.PaymentRepositoryTest@467a2584]

java.lang.IllegalStateException: ApplicationContext failure threshold (1) exceeded: skipping repeated attempt to load context for [MergedContextConfiguration@2cacd55e testClass = com.aston.paymentbillingservice.repository.PaymentRepositoryTest, locations = [], classes = [com.aston.paymentbillingservice.PaymentBillingServiceApplication], contextInitializerClasses = [], activeProfiles = ["test"], propertySourceDescriptors = [], propertySourceProperties = ["org.springframework.boot.test.autoconfigure.orm.jpa.DataJpaTestContextBootstrapper=true"], contextCustomizers = [[ImportsContextCustomizer@2ba9f743 key = [org.springframework.boot.autoconfigure.transaction.TransactionAutoConfiguration, org.springframework.boot.autoconfigure.data.jpa.JpaRepositoriesAutoConfiguration, org.springframework.boot.test.autoconfigure.orm.jpa.TestEntityManagerAutoConfiguration, org.springframework.boot.autoconfigure.cache.CacheAutoConfiguration, org.springframework.boot.autoconfigure.orm.jpa.HibernateJpaAutoConfiguration, org.springframework.boot.autoconfigure.sql.init.SqlInitializationAutoConfiguration, org.springframework.boot.test.autoconfigure.jdbc.TestDatabaseAutoConfiguration, org.springframework.boot.autoconfigure.flyway.FlywayAutoConfiguration, org.springframework.boot.autoconfigure.jdbc.DataSourceTransactionManagerAutoConfiguration, org.springframework.boot.autoconfigure.liquibase.LiquibaseAutoConfiguration, org.springframework.boot.autoconfigure.jdbc.JdbcClientAutoConfiguration, org.springframework.boot.autoconfigure.jdbc.DataSourceAutoConfiguration, org.springframework.boot.autoconfigure.jdbc.JdbcTemplateAutoConfiguration]], org.springframework.boot.test.context.filter.ExcludeFilterContextCustomizer@7159a5cd, org.springframework.boot.test.json.DuplicateJsonObjectContextCustomizerFactory$DuplicateJsonObjectContextCustomizer@4ca8dbfa, org.springframework.boot.test.mock.mockito.MockitoContextCustomizer@0, org.springframework.boot.test.web.reactor.netty.DisableReactorResourceFactoryGlobalResourcesContextCustomizerFactory$DisableReactorResourceFactoryGlobalResourcesContextCustomizerCustomizer@36b310aa, org.springframework.boot.test.autoconfigure.OnFailureConditionReportContextCustomizerFactory$OnFailureConditionReportContextCustomizer@5d7835a8, org.springframework.boot.test.autoconfigure.OverrideAutoConfigurationContextCustomizerFactory$DisableAutoConfigurationContextCustomizer@6940f685, org.springframework.boot.test.autoconfigure.actuate.observability.ObservabilityContextCustomizerFactory$DisableObservabilityContextCustomizer@1f, org.springframework.boot.test.autoconfigure.filter.TypeExcludeFiltersContextCustomizer@34be3d80, org.springframework.boot.test.autoconfigure.properties.PropertyMappingContextCustomizer@e3f01b0a, org.springframework.boot.test.autoconfigure.web.servlet.WebDriverContextCustomizer@7026b7ee, org.springframework.test.context.support.DynamicPropertiesContextCustomizer@0, org.springframework.boot.test.context.SpringBootTestAnnotation@ce303da1], contextLoader = org.springframework.boot.test.context.SpringBootContextLoader, parent = null]
	at org.springframework.test.context.cache.DefaultCacheAwareContextLoaderDelegate.loadContext(DefaultCacheAwareContextLoaderDelegate.java:145) ~[spring-test-6.2.3.jar:6.2.3]
	at org.springframework.test.context.support.DefaultTestContext.getApplicationContext(DefaultTestContext.java:130) ~[spring-test-6.2.3.jar:6.2.3]
	at org.springframework.test.context.support.DependencyInjectionTestExecutionListener.injectDependencies(DependencyInjectionTestExecutionListener.java:155) ~[spring-test-6.2.3.jar:6.2.3]
	at org.springframework.test.context.support.DependencyInjectionTestExecutionListener.prepareTestInstance(DependencyInjectionTestExecutionListener.java:111) ~[spring-test-6.2.3.jar:6.2.3]
	at org.springframework.test.context.TestContextManager.prepareTestInstance(TestContextManager.java:260) ~[spring-test-6.2.3.jar:6.2.3]
	at org.springframework.test.context.junit.jupiter.SpringExtension.postProcessTestInstance(SpringExtension.java:160) ~[spring-test-6.2.3.jar:6.2.3]
	at org.junit.jupiter.engine.descriptor.ClassBasedTestDescriptor.lambda$invokeTestInstancePostProcessors$11(ClassBasedTestDescriptor.java:378) ~[junit-jupiter-engine-5.11.4.jar:5.11.4]
	at org.junit.jupiter.engine.descriptor.ClassBasedTestDescriptor.executeAndMaskThrowable(ClassBasedTestDescriptor.java:383) ~[junit-jupiter-engine-5.11.4.jar:5.11.4]
	at org.junit.jupiter.engine.descriptor.ClassBasedTestDescriptor.lambda$invokeTestInstancePostProcessors$12(ClassBasedTestDescriptor.java:378) ~[junit-jupiter-engine-5.11.4.jar:5.11.4]
	at java.base/java.util.stream.ForEachOps$ForEachOp$OfRef.accept(ForEachOps.java:183) ~[na:na]
	at java.base/java.util.stream.ReferencePipeline$3$1.accept(ReferencePipeline.java:197) ~[na:na]
	at java.base/java.util.stream.ReferencePipeline$2$1.accept(ReferencePipeline.java:179) ~[na:na]
	at java.base/java.util.stream.ReferencePipeline$3$1.accept(ReferencePipeline.java:197) ~[na:na]
	at java.base/java.util.ArrayList$ArrayListSpliterator.forEachRemaining(ArrayList.java:1625) ~[na:na]
	at java.base/java.util.stream.AbstractPipeline.copyInto(AbstractPipeline.java:509) ~[na:na]
	at java.base/java.util.stream.AbstractPipeline.wrapAndCopyInto(AbstractPipeline.java:499) ~[na:na]
	at java.base/java.util.stream.ForEachOps$ForEachOp.evaluateSequential(ForEachOps.java:150) ~[na:na]
	at java.base/java.util.stream.ForEachOps$ForEachOp$OfRef.evaluateSequential(ForEachOps.java:173) ~[na:na]
	at java.base/java.util.stream.AbstractPipeline.evaluate(AbstractPipeline.java:234) ~[na:na]
	at java.base/java.util.stream.ReferencePipeline.forEach(ReferencePipeline.java:596) ~[na:na]
	at org.junit.jupiter.engine.descriptor.ClassBasedTestDescriptor.invokeTestInstancePostProcessors(ClassBasedTestDescriptor.java:377) ~[junit-jupiter-engine-5.11.4.jar:5.11.4]
	at org.junit.jupiter.engine.descriptor.ClassBasedTestDescriptor.lambda$instantiateAndPostProcessTestInstance$7(ClassBasedTestDescriptor.java:290) ~[junit-jupiter-engine-5.11.4.jar:5.11.4]
	at org.junit.platform.engine.support.hierarchical.ThrowableCollector.execute(ThrowableCollector.java:73) ~[junit-platform-engine-1.11.4.jar:1.11.4]
	at org.junit.jupiter.engine.descriptor.ClassBasedTestDescriptor.instantiateAndPostProcessTestInstance(ClassBasedTestDescriptor.java:289) ~[junit-jupiter-engine-5.11.4.jar:5.11.4]
	at org.junit.jupiter.engine.descriptor.ClassBasedTestDescriptor.lambda$testInstancesProvider$5(ClassBasedTestDescriptor.java:279) ~[junit-jupiter-engine-5.11.4.jar:5.11.4]
	at java.base/java.util.Optional.orElseGet(Optional.java:364) ~[na:na]
	at org.junit.jupiter.engine.descriptor.ClassBasedTestDescriptor.lambda$testInstancesProvider$6(ClassBasedTestDescriptor.java:278) ~[junit-jupiter-engine-5.11.4.jar:5.11.4]
	at org.junit.jupiter.engine.execution.TestInstancesProvider.getTestInstances(TestInstancesProvider.java:31) ~[junit-jupiter-engine-5.11.4.jar:5.11.4]
	at org.junit.jupiter.engine.descriptor.TestMethodTestDescriptor.lambda$prepare$1(TestMethodTestDescriptor.java:105) ~[junit-jupiter-engine-5.11.4.jar:5.11.4]
	at org.junit.platform.engine.support.hierarchical.ThrowableCollector.execute(ThrowableCollector.java:73) ~[junit-platform-engine-1.11.4.jar:1.11.4]
	at org.junit.jupiter.engine.descriptor.TestMethodTestDescriptor.prepare(TestMethodTestDescriptor.java:104) ~[junit-jupiter-engine-5.11.4.jar:5.11.4]
	at org.junit.jupiter.engine.descriptor.TestMethodTestDescriptor.prepare(TestMethodTestDescriptor.java:68) ~[junit-jupiter-engine-5.11.4.jar:5.11.4]
	at org.junit.platform.engine.support.hierarchical.NodeTestTask.lambda$prepare$2(NodeTestTask.java:128) ~[junit-platform-engine-1.11.4.jar:1.11.4]
	at org.junit.platform.engine.support.hierarchical.ThrowableCollector.execute(ThrowableCollector.java:73) ~[junit-platform-engine-1.11.4.jar:1.11.4]
	at org.junit.platform.engine.support.hierarchical.NodeTestTask.prepare(NodeTestTask.java:128) ~[junit-platform-engine-1.11.4.jar:1.11.4]
	at org.junit.platform.engine.support.hierarchical.NodeTestTask.execute(NodeTestTask.java:95) ~[junit-platform-engine-1.11.4.jar:1.11.4]
	at java.base/java.util.ArrayList.forEach(ArrayList.java:1511) ~[na:na]
	at org.junit.platform.engine.support.hierarchical.SameThreadHierarchicalTestExecutorService.invokeAll(SameThreadHierarchicalTestExecutorService.java:41) ~[junit-platform-engine-1.11.4.jar:1.11.4]
	at org.junit.platform.engine.support.hierarchical.NodeTestTask.lambda$executeRecursively$6(NodeTestTask.java:160) ~[junit-platform-engine-1.11.4.jar:1.11.4]
	at org.junit.platform.engine.support.hierarchical.ThrowableCollector.execute(ThrowableCollector.java:73) ~[junit-platform-engine-1.11.4.jar:1.11.4]
	at org.junit.platform.engine.support.hierarchical.NodeTestTask.lambda$executeRecursively$8(NodeTestTask.java:146) ~[junit-platform-engine-1.11.4.jar:1.11.4]
	at org.junit.platform.engine.support.hierarchical.Node.around(Node.java:137) ~[junit-platform-engine-1.11.4.jar:1.11.4]
	at org.junit.platform.engine.support.hierarchical.NodeTestTask.lambda$executeRecursively$9(NodeTestTask.java:144) ~[junit-platform-engine-1.11.4.jar:1.11.4]
	at org.junit.platform.engine.support.hierarchical.ThrowableCollector.execute(ThrowableCollector.java:73) ~[junit-platform-engine-1.11.4.jar:1.11.4]
	at org.junit.platform.engine.support.hierarchical.NodeTestTask.executeRecursively(NodeTestTask.java:143) ~[junit-platform-engine-1.11.4.jar:1.11.4]
	at org.junit.platform.engine.support.hierarchical.NodeTestTask.execute(NodeTestTask.java:100) ~[junit-platform-engine-1.11.4.jar:1.11.4]
	at java.base/java.util.ArrayList.forEach(ArrayList.java:1511) ~[na:na]
	at org.junit.platform.engine.support.hierarchical.SameThreadHierarchicalTestExecutorService.invokeAll(SameThreadHierarchicalTestExecutorService.java:41) ~[junit-platform-engine-1.11.4.jar:1.11.4]
	at org.junit.platform.engine.support.hierarchical.NodeTestTask.lambda$executeRecursively$6(NodeTestTask.java:160) ~[junit-platform-engine-1.11.4.jar:1.11.4]
	at org.junit.platform.engine.support.hierarchical.ThrowableCollector.execute(ThrowableCollector.java:73) ~[junit-platform-engine-1.11.4.jar:1.11.4]
	at org.junit.platform.engine.support.hierarchical.NodeTestTask.lambda$executeRecursively$8(NodeTestTask.java:146) ~[junit-platform-engine-1.11.4.jar:1.11.4]
	at org.junit.platform.engine.support.hierarchical.Node.around(Node.java:137) ~[junit-platform-engine-1.11.4.jar:1.11.4]
	at org.junit.platform.engine.support.hierarchical.NodeTestTask.lambda$executeRecursively$9(NodeTestTask.java:144) ~[junit-platform-engine-1.11.4.jar:1.11.4]
	at org.junit.platform.engine.support.hierarchical.ThrowableCollector.execute(ThrowableCollector.java:73) ~[junit-platform-engine-1.11.4.jar:1.11.4]
	at org.junit.platform.engine.support.hierarchical.NodeTestTask.executeRecursively(NodeTestTask.java:143) ~[junit-platform-engine-1.11.4.jar:1.11.4]
	at org.junit.platform.engine.support.hierarchical.NodeTestTask.execute(NodeTestTask.java:100) ~[junit-platform-engine-1.11.4.jar:1.11.4]
	at org.junit.platform.engine.support.hierarchical.SameThreadHierarchicalTestExecutorService.submit(SameThreadHierarchicalTestExecutorService.java:35) ~[junit-platform-engine-1.11.4.jar:1.11.4]
	at org.junit.platform.engine.support.hierarchical.HierarchicalTestExecutor.execute(HierarchicalTestExecutor.java:57) ~[junit-platform-engine-1.11.4.jar:1.11.4]
	at org.junit.platform.engine.support.hierarchical.HierarchicalTestEngine.execute(HierarchicalTestEngine.java:54) ~[junit-platform-engine-1.11.4.jar:1.11.4]
	at org.junit.platform.launcher.core.EngineExecutionOrchestrator.execute(EngineExecutionOrchestrator.java:198) ~[junit-platform-launcher-1.11.4.jar:1.11.4]
	at org.junit.platform.launcher.core.EngineExecutionOrchestrator.execute(EngineExecutionOrchestrator.java:169) ~[junit-platform-launcher-1.11.4.jar:1.11.4]
	at org.junit.platform.launcher.core.EngineExecutionOrchestrator.execute(EngineExecutionOrchestrator.java:93) ~[junit-platform-launcher-1.11.4.jar:1.11.4]
	at org.junit.platform.launcher.core.EngineExecutionOrchestrator.lambda$execute$0(EngineExecutionOrchestrator.java:58) ~[junit-platform-launcher-1.11.4.jar:1.11.4]
	at org.junit.platform.launcher.core.EngineExecutionOrchestrator.withInterceptedStreams(EngineExecutionOrchestrator.java:141) ~[junit-platform-launcher-1.11.4.jar:1.11.4]
	at org.junit.platform.launcher.core.EngineExecutionOrchestrator.execute(EngineExecutionOrchestrator.java:57) ~[junit-platform-launcher-1.11.4.jar:1.11.4]
	at org.junit.platform.launcher.core.DefaultLauncher.execute(DefaultLauncher.java:103) ~[junit-platform-launcher-1.11.4.jar:1.11.4]
	at org.junit.platform.launcher.core.DefaultLauncher.execute(DefaultLauncher.java:85) ~[junit-platform-launcher-1.11.4.jar:1.11.4]
	at org.junit.platform.launcher.core.DelegatingLauncher.execute(DelegatingLauncher.java:47) ~[junit-platform-launcher-1.11.4.jar:1.11.4]
	at org.apache.maven.surefire.junitplatform.LazyLauncher.execute(LazyLauncher.java:56) ~[surefire-junit-platform-3.5.2.jar:3.5.2]
	at org.apache.maven.surefire.junitplatform.JUnitPlatformProvider.execute(JUnitPlatformProvider.java:184) ~[surefire-junit-platform-3.5.2.jar:3.5.2]
	at org.apache.maven.surefire.junitplatform.JUnitPlatformProvider.invokeAllTests(JUnitPlatformProvider.java:148) ~[surefire-junit-platform-3.5.2.jar:3.5.2]
	at org.apache.maven.surefire.junitplatform.JUnitPlatformProvider.invoke(JUnitPlatformProvider.java:122) ~[surefire-junit-platform-3.5.2.jar:3.5.2]
	at org.apache.maven.surefire.booter.ForkedBooter.runSuitesInProcess(ForkedBooter.java:385) ~[surefire-booter-3.5.2.jar:3.5.2]
	at org.apache.maven.surefire.booter.ForkedBooter.execute(ForkedBooter.java:162) ~[surefire-booter-3.5.2.jar:3.5.2]
	at org.apache.maven.surefire.booter.ForkedBooter.run(ForkedBooter.java:507) ~[surefire-booter-3.5.2.jar:3.5.2]
	at org.apache.maven.surefire.booter.ForkedBooter.main(ForkedBooter.java:495) ~[surefire-booter-3.5.2.jar:3.5.2]

2025-03-23T23:03:04.459+03:00  WARN 40692 --- [payment-billing-service] [main] o.s.test.context.TestContextManager      : Caught exception while allowing TestExecutionListener [org.springframework.test.context.support.DependencyInjectionTestExecutionListener] to prepare test instance [com.aston.paymentbillingservice.repository.PaymentRepositoryTest@6df31abf]

java.lang.IllegalStateException: ApplicationContext failure threshold (1) exceeded: skipping repeated attempt to load context for [MergedContextConfiguration@2cacd55e testClass = com.aston.paymentbillingservice.repository.PaymentRepositoryTest, locations = [], classes = [com.aston.paymentbillingservice.PaymentBillingServiceApplication], contextInitializerClasses = [], activeProfiles = ["test"], propertySourceDescriptors = [], propertySourceProperties = ["org.springframework.boot.test.autoconfigure.orm.jpa.DataJpaTestContextBootstrapper=true"], contextCustomizers = [[ImportsContextCustomizer@2ba9f743 key = [org.springframework.boot.autoconfigure.transaction.TransactionAutoConfiguration, org.springframework.boot.autoconfigure.data.jpa.JpaRepositoriesAutoConfiguration, org.springframework.boot.test.autoconfigure.orm.jpa.TestEntityManagerAutoConfiguration, org.springframework.boot.autoconfigure.cache.CacheAutoConfiguration, org.springframework.boot.autoconfigure.orm.jpa.HibernateJpaAutoConfiguration, org.springframework.boot.autoconfigure.sql.init.SqlInitializationAutoConfiguration, org.springframework.boot.test.autoconfigure.jdbc.TestDatabaseAutoConfiguration, org.springframework.boot.autoconfigure.flyway.FlywayAutoConfiguration, org.springframework.boot.autoconfigure.jdbc.DataSourceTransactionManagerAutoConfiguration, org.springframework.boot.autoconfigure.liquibase.LiquibaseAutoConfiguration, org.springframework.boot.autoconfigure.jdbc.JdbcClientAutoConfiguration, org.springframework.boot.autoconfigure.jdbc.DataSourceAutoConfiguration, org.springframework.boot.autoconfigure.jdbc.JdbcTemplateAutoConfiguration]], org.springframework.boot.test.context.filter.ExcludeFilterContextCustomizer@7159a5cd, org.springframework.boot.test.json.DuplicateJsonObjectContextCustomizerFactory$DuplicateJsonObjectContextCustomizer@4ca8dbfa, org.springframework.boot.test.mock.mockito.MockitoContextCustomizer@0, org.springframework.boot.test.web.reactor.netty.DisableReactorResourceFactoryGlobalResourcesContextCustomizerFactory$DisableReactorResourceFactoryGlobalResourcesContextCustomizerCustomizer@36b310aa, org.springframework.boot.test.autoconfigure.OnFailureConditionReportContextCustomizerFactory$OnFailureConditionReportContextCustomizer@5d7835a8, org.springframework.boot.test.autoconfigure.OverrideAutoConfigurationContextCustomizerFactory$DisableAutoConfigurationContextCustomizer@6940f685, org.springframework.boot.test.autoconfigure.actuate.observability.ObservabilityContextCustomizerFactory$DisableObservabilityContextCustomizer@1f, org.springframework.boot.test.autoconfigure.filter.TypeExcludeFiltersContextCustomizer@34be3d80, org.springframework.boot.test.autoconfigure.properties.PropertyMappingContextCustomizer@e3f01b0a, org.springframework.boot.test.autoconfigure.web.servlet.WebDriverContextCustomizer@7026b7ee, org.springframework.test.context.support.DynamicPropertiesContextCustomizer@0, org.springframework.boot.test.context.SpringBootTestAnnotation@ce303da1], contextLoader = org.springframework.boot.test.context.SpringBootContextLoader, parent = null]
	at org.springframework.test.context.cache.DefaultCacheAwareContextLoaderDelegate.loadContext(DefaultCacheAwareContextLoaderDelegate.java:145) ~[spring-test-6.2.3.jar:6.2.3]
	at org.springframework.test.context.support.DefaultTestContext.getApplicationContext(DefaultTestContext.java:130) ~[spring-test-6.2.3.jar:6.2.3]
	at org.springframework.test.context.support.DependencyInjectionTestExecutionListener.injectDependencies(DependencyInjectionTestExecutionListener.java:155) ~[spring-test-6.2.3.jar:6.2.3]
	at org.springframework.test.context.support.DependencyInjectionTestExecutionListener.prepareTestInstance(DependencyInjectionTestExecutionListener.java:111) ~[spring-test-6.2.3.jar:6.2.3]
	at org.springframework.test.context.TestContextManager.prepareTestInstance(TestContextManager.java:260) ~[spring-test-6.2.3.jar:6.2.3]
	at org.springframework.test.context.junit.jupiter.SpringExtension.postProcessTestInstance(SpringExtension.java:160) ~[spring-test-6.2.3.jar:6.2.3]
	at org.junit.jupiter.engine.descriptor.ClassBasedTestDescriptor.lambda$invokeTestInstancePostProcessors$11(ClassBasedTestDescriptor.java:378) ~[junit-jupiter-engine-5.11.4.jar:5.11.4]
	at org.junit.jupiter.engine.descriptor.ClassBasedTestDescriptor.executeAndMaskThrowable(ClassBasedTestDescriptor.java:383) ~[junit-jupiter-engine-5.11.4.jar:5.11.4]
	at org.junit.jupiter.engine.descriptor.ClassBasedTestDescriptor.lambda$invokeTestInstancePostProcessors$12(ClassBasedTestDescriptor.java:378) ~[junit-jupiter-engine-5.11.4.jar:5.11.4]
	at java.base/java.util.stream.ForEachOps$ForEachOp$OfRef.accept(ForEachOps.java:183) ~[na:na]
	at java.base/java.util.stream.ReferencePipeline$3$1.accept(ReferencePipeline.java:197) ~[na:na]
	at java.base/java.util.stream.ReferencePipeline$2$1.accept(ReferencePipeline.java:179) ~[na:na]
	at java.base/java.util.stream.ReferencePipeline$3$1.accept(ReferencePipeline.java:197) ~[na:na]
	at java.base/java.util.ArrayList$ArrayListSpliterator.forEachRemaining(ArrayList.java:1625) ~[na:na]
	at java.base/java.util.stream.AbstractPipeline.copyInto(AbstractPipeline.java:509) ~[na:na]
	at java.base/java.util.stream.AbstractPipeline.wrapAndCopyInto(AbstractPipeline.java:499) ~[na:na]
	at java.base/java.util.stream.ForEachOps$ForEachOp.evaluateSequential(ForEachOps.java:150) ~[na:na]
	at java.base/java.util.stream.ForEachOps$ForEachOp$OfRef.evaluateSequential(ForEachOps.java:173) ~[na:na]
	at java.base/java.util.stream.AbstractPipeline.evaluate(AbstractPipeline.java:234) ~[na:na]
	at java.base/java.util.stream.ReferencePipeline.forEach(ReferencePipeline.java:596) ~[na:na]
	at org.junit.jupiter.engine.descriptor.ClassBasedTestDescriptor.invokeTestInstancePostProcessors(ClassBasedTestDescriptor.java:377) ~[junit-jupiter-engine-5.11.4.jar:5.11.4]
	at org.junit.jupiter.engine.descriptor.ClassBasedTestDescriptor.lambda$instantiateAndPostProcessTestInstance$7(ClassBasedTestDescriptor.java:290) ~[junit-jupiter-engine-5.11.4.jar:5.11.4]
	at org.junit.platform.engine.support.hierarchical.ThrowableCollector.execute(ThrowableCollector.java:73) ~[junit-platform-engine-1.11.4.jar:1.11.4]
	at org.junit.jupiter.engine.descriptor.ClassBasedTestDescriptor.instantiateAndPostProcessTestInstance(ClassBasedTestDescriptor.java:289) ~[junit-jupiter-engine-5.11.4.jar:5.11.4]
	at org.junit.jupiter.engine.descriptor.ClassBasedTestDescriptor.lambda$testInstancesProvider$5(ClassBasedTestDescriptor.java:279) ~[junit-jupiter-engine-5.11.4.jar:5.11.4]
	at java.base/java.util.Optional.orElseGet(Optional.java:364) ~[na:na]
	at org.junit.jupiter.engine.descriptor.ClassBasedTestDescriptor.lambda$testInstancesProvider$6(ClassBasedTestDescriptor.java:278) ~[junit-jupiter-engine-5.11.4.jar:5.11.4]
	at org.junit.jupiter.engine.execution.TestInstancesProvider.getTestInstances(TestInstancesProvider.java:31) ~[junit-jupiter-engine-5.11.4.jar:5.11.4]
	at org.junit.jupiter.engine.descriptor.TestMethodTestDescriptor.lambda$prepare$1(TestMethodTestDescriptor.java:105) ~[junit-jupiter-engine-5.11.4.jar:5.11.4]
	at org.junit.platform.engine.support.hierarchical.ThrowableCollector.execute(ThrowableCollector.java:73) ~[junit-platform-engine-1.11.4.jar:1.11.4]
	at org.junit.jupiter.engine.descriptor.TestMethodTestDescriptor.prepare(TestMethodTestDescriptor.java:104) ~[junit-jupiter-engine-5.11.4.jar:5.11.4]
	at org.junit.jupiter.engine.descriptor.TestMethodTestDescriptor.prepare(TestMethodTestDescriptor.java:68) ~[junit-jupiter-engine-5.11.4.jar:5.11.4]
	at org.junit.platform.engine.support.hierarchical.NodeTestTask.lambda$prepare$2(NodeTestTask.java:128) ~[junit-platform-engine-1.11.4.jar:1.11.4]
	at org.junit.platform.engine.support.hierarchical.ThrowableCollector.execute(ThrowableCollector.java:73) ~[junit-platform-engine-1.11.4.jar:1.11.4]
	at org.junit.platform.engine.support.hierarchical.NodeTestTask.prepare(NodeTestTask.java:128) ~[junit-platform-engine-1.11.4.jar:1.11.4]
	at org.junit.platform.engine.support.hierarchical.NodeTestTask.execute(NodeTestTask.java:95) ~[junit-platform-engine-1.11.4.jar:1.11.4]
	at java.base/java.util.ArrayList.forEach(ArrayList.java:1511) ~[na:na]
	at org.junit.platform.engine.support.hierarchical.SameThreadHierarchicalTestExecutorService.invokeAll(SameThreadHierarchicalTestExecutorService.java:41) ~[junit-platform-engine-1.11.4.jar:1.11.4]
	at org.junit.platform.engine.support.hierarchical.NodeTestTask.lambda$executeRecursively$6(NodeTestTask.java:160) ~[junit-platform-engine-1.11.4.jar:1.11.4]
	at org.junit.platform.engine.support.hierarchical.ThrowableCollector.execute(ThrowableCollector.java:73) ~[junit-platform-engine-1.11.4.jar:1.11.4]
	at org.junit.platform.engine.support.hierarchical.NodeTestTask.lambda$executeRecursively$8(NodeTestTask.java:146) ~[junit-platform-engine-1.11.4.jar:1.11.4]
	at org.junit.platform.engine.support.hierarchical.Node.around(Node.java:137) ~[junit-platform-engine-1.11.4.jar:1.11.4]
	at org.junit.platform.engine.support.hierarchical.NodeTestTask.lambda$executeRecursively$9(NodeTestTask.java:144) ~[junit-platform-engine-1.11.4.jar:1.11.4]
	at org.junit.platform.engine.support.hierarchical.ThrowableCollector.execute(ThrowableCollector.java:73) ~[junit-platform-engine-1.11.4.jar:1.11.4]
	at org.junit.platform.engine.support.hierarchical.NodeTestTask.executeRecursively(NodeTestTask.java:143) ~[junit-platform-engine-1.11.4.jar:1.11.4]
	at org.junit.platform.engine.support.hierarchical.NodeTestTask.execute(NodeTestTask.java:100) ~[junit-platform-engine-1.11.4.jar:1.11.4]
	at java.base/java.util.ArrayList.forEach(ArrayList.java:1511) ~[na:na]
	at org.junit.platform.engine.support.hierarchical.SameThreadHierarchicalTestExecutorService.invokeAll(SameThreadHierarchicalTestExecutorService.java:41) ~[junit-platform-engine-1.11.4.jar:1.11.4]
	at org.junit.platform.engine.support.hierarchical.NodeTestTask.lambda$executeRecursively$6(NodeTestTask.java:160) ~[junit-platform-engine-1.11.4.jar:1.11.4]
	at org.junit.platform.engine.support.hierarchical.ThrowableCollector.execute(ThrowableCollector.java:73) ~[junit-platform-engine-1.11.4.jar:1.11.4]
	at org.junit.platform.engine.support.hierarchical.NodeTestTask.lambda$executeRecursively$8(NodeTestTask.java:146) ~[junit-platform-engine-1.11.4.jar:1.11.4]
	at org.junit.platform.engine.support.hierarchical.Node.around(Node.java:137) ~[junit-platform-engine-1.11.4.jar:1.11.4]
	at org.junit.platform.engine.support.hierarchical.NodeTestTask.lambda$executeRecursively$9(NodeTestTask.java:144) ~[junit-platform-engine-1.11.4.jar:1.11.4]
	at org.junit.platform.engine.support.hierarchical.ThrowableCollector.execute(ThrowableCollector.java:73) ~[junit-platform-engine-1.11.4.jar:1.11.4]
	at org.junit.platform.engine.support.hierarchical.NodeTestTask.executeRecursively(NodeTestTask.java:143) ~[junit-platform-engine-1.11.4.jar:1.11.4]
	at org.junit.platform.engine.support.hierarchical.NodeTestTask.execute(NodeTestTask.java:100) ~[junit-platform-engine-1.11.4.jar:1.11.4]
	at org.junit.platform.engine.support.hierarchical.SameThreadHierarchicalTestExecutorService.submit(SameThreadHierarchicalTestExecutorService.java:35) ~[junit-platform-engine-1.11.4.jar:1.11.4]
	at org.junit.platform.engine.support.hierarchical.HierarchicalTestExecutor.execute(HierarchicalTestExecutor.java:57) ~[junit-platform-engine-1.11.4.jar:1.11.4]
	at org.junit.platform.engine.support.hierarchical.HierarchicalTestEngine.execute(HierarchicalTestEngine.java:54) ~[junit-platform-engine-1.11.4.jar:1.11.4]
	at org.junit.platform.launcher.core.EngineExecutionOrchestrator.execute(EngineExecutionOrchestrator.java:198) ~[junit-platform-launcher-1.11.4.jar:1.11.4]
	at org.junit.platform.launcher.core.EngineExecutionOrchestrator.execute(EngineExecutionOrchestrator.java:169) ~[junit-platform-launcher-1.11.4.jar:1.11.4]
	at org.junit.platform.launcher.core.EngineExecutionOrchestrator.execute(EngineExecutionOrchestrator.java:93) ~[junit-platform-launcher-1.11.4.jar:1.11.4]
	at org.junit.platform.launcher.core.EngineExecutionOrchestrator.lambda$execute$0(EngineExecutionOrchestrator.java:58) ~[junit-platform-launcher-1.11.4.jar:1.11.4]
	at org.junit.platform.launcher.core.EngineExecutionOrchestrator.withInterceptedStreams(EngineExecutionOrchestrator.java:141) ~[junit-platform-launcher-1.11.4.jar:1.11.4]
	at org.junit.platform.launcher.core.EngineExecutionOrchestrator.execute(EngineExecutionOrchestrator.java:57) ~[junit-platform-launcher-1.11.4.jar:1.11.4]
	at org.junit.platform.launcher.core.DefaultLauncher.execute(DefaultLauncher.java:103) ~[junit-platform-launcher-1.11.4.jar:1.11.4]
	at org.junit.platform.launcher.core.DefaultLauncher.execute(DefaultLauncher.java:85) ~[junit-platform-launcher-1.11.4.jar:1.11.4]
	at org.junit.platform.launcher.core.DelegatingLauncher.execute(DelegatingLauncher.java:47) ~[junit-platform-launcher-1.11.4.jar:1.11.4]
	at org.apache.maven.surefire.junitplatform.LazyLauncher.execute(LazyLauncher.java:56) ~[surefire-junit-platform-3.5.2.jar:3.5.2]
	at org.apache.maven.surefire.junitplatform.JUnitPlatformProvider.execute(JUnitPlatformProvider.java:184) ~[surefire-junit-platform-3.5.2.jar:3.5.2]
	at org.apache.maven.surefire.junitplatform.JUnitPlatformProvider.invokeAllTests(JUnitPlatformProvider.java:148) ~[surefire-junit-platform-3.5.2.jar:3.5.2]
	at org.apache.maven.surefire.junitplatform.JUnitPlatformProvider.invoke(JUnitPlatformProvider.java:122) ~[surefire-junit-platform-3.5.2.jar:3.5.2]
	at org.apache.maven.surefire.booter.ForkedBooter.runSuitesInProcess(ForkedBooter.java:385) ~[surefire-booter-3.5.2.jar:3.5.2]
	at org.apache.maven.surefire.booter.ForkedBooter.execute(ForkedBooter.java:162) ~[surefire-booter-3.5.2.jar:3.5.2]
	at org.apache.maven.surefire.booter.ForkedBooter.run(ForkedBooter.java:507) ~[surefire-booter-3.5.2.jar:3.5.2]
	at org.apache.maven.surefire.booter.ForkedBooter.main(ForkedBooter.java:495) ~[surefire-booter-3.5.2.jar:3.5.2]

